userChoreId,userId,choreTypeName,date,originDate,isMark
1,365772324,חדא אמצש,2020-05-12 00:00:16,2019-07-17 21:29:20,true
2,991561756,שמירה,2018-05-20 20:20:50,2020-01-20 21:13:36,false
3,804629917,תרבות,2019-08-31 08:47:52,2019-08-10 11:06:10,true
4,074040626,חדא אמצש,2019-11-16 09:00:40,2018-12-30 06:29:16,false
5,200065857,בישול שבת,2019-08-13 00:45:05,2020-01-12 01:05:43,true
6,560176995,שמירה,2018-12-16 23:04:19,2019-02-13 20:06:20,false
7,339805031,חדא אמצש,2018-05-21 17:10:54,2018-09-27 21:51:34,false
8,702624878,שמירה,2019-06-07 23:50:04,2019-07-16 14:48:20,true
9,281912123,חדא אמצש,2019-08-14 02:45:24,2020-02-11 15:20:18,true
10,252545859,תרבות,2019-12-30 04:36:38,2019-07-01 02:14:44,true
11,421942009,תרבות,2018-06-13 23:21:34,2018-11-27 15:07:22,false
12,900261801,שטיפה,2019-04-26 09:17:55,2019-02-11 09:59:03,false
13,377340982,חדא אמצש,2019-09-03 18:22:11,2019-06-11 15:43:11,true
14,231268851,חדא אמצש,2018-12-09 00:03:39,2018-08-18 02:32:30,false
15,863966014,שטיפה,2018-11-24 07:52:15,2020-04-12 14:07:50,false
16,229971094,חדא אמצש,2019-06-15 21:02:52,2020-03-26 09:56:15,true
17,600385201,שטיפה,2019-06-24 13:43:41,2019-11-10 22:16:26,false
18,635310198,תרבות,2019-08-03 00:20:16,2019-05-02 05:42:43,false
19,774350597,בקר,2019-03-15 04:30:55,2019-03-15 23:32:02,false
20,240390677,בישול שבת,2018-10-26 09:26:51,2020-04-26 16:03:18,false
21,002070472,בישול שבת,2019-04-16 03:39:30,2018-10-20 21:27:30,false
22,477660204,חדא אמצש,2020-02-13 08:08:41,2019-10-31 00:29:28,false
23,215922586,שטיפה,2019-03-25 10:45:29,2019-01-23 01:49:26,false
24,087458946,חדא אמצש,2019-04-21 02:00:53,2019-12-02 12:54:50,false
25,999809245,תרבות,2019-10-11 03:57:24,2018-05-29 07:10:07,false
26,611721739,חדא אמצש,2018-12-05 01:24:14,2018-10-06 23:53:58,false
27,326031543,שמירה,2018-12-31 03:52:48,2019-11-12 21:41:36,false
28,786639294,שטיפה,2019-07-19 06:14:25,2019-10-01 04:36:35,false
29,896433155,תרבות,2018-12-17 04:46:33,2018-06-01 05:11:31,false
30,845902065,שטיפה,2020-05-03 13:38:29,2019-07-21 07:36:27,true
31,221242652,תרבות,2018-10-26 20:16:28,2020-04-17 21:18:15,false
32,435786324,חדא אמצש,2018-11-11 01:38:11,2019-09-09 22:03:43,false
33,403255844,שמירה,2018-06-03 09:23:09,2020-02-02 06:16:44,false
34,935485554,בישול שבת,2018-10-27 15:21:41,2018-08-21 00:35:53,false
35,733017154,חדא אמצש,2019-05-15 23:57:47,2018-12-11 10:18:35,false
36,018161780,תרבות,2019-08-31 12:11:42,2018-08-21 01:30:54,false
37,500655545,תרבות,2018-09-07 08:27:58,2019-06-02 23:00:23,false
38,829003854,חדא אמצש,2020-02-03 22:13:13,2018-05-19 15:35:12,false
39,541487641,בקר,2020-01-06 09:53:10,2020-02-29 00:02:23,false
40,565772044,תרבות,2018-06-19 23:07:31,2020-01-17 19:57:46,false
41,240390677,בקר,2018-12-01 11:45:55,2019-08-28 15:31:50,false
42,497245534,חדא אמצש,2020-03-16 04:34:18,2019-12-01 06:16:20,true
43,848402531,חדא אמצש,2019-08-10 20:55:34,2018-10-03 16:03:08,false
44,187612268,תרבות,2020-03-04 14:14:40,2018-06-20 20:42:40,false
45,062351869,חדא אמצש,2020-01-11 01:17:52,2019-12-08 11:31:56,true
46,240390677,חדא אמצש,2018-12-10 07:57:09,2019-10-25 15:58:53,false
47,337529867,חדא אמצש,2020-03-11 15:37:56,2019-05-04 18:35:56,false
48,397499061,בישול שבת,2018-09-14 00:15:27,2019-12-20 11:17:46,false
49,898191608,שטיפה,2019-09-25 00:39:51,2019-05-03 01:01:00,false
50,657101496,שטיפה,2019-11-24 17:21:55,2018-06-30 23:52:26,false
51,597754353,שטיפה,2018-10-30 03:58:33,2018-12-24 10:17:53,false
52,062395479,שמירה,2019-04-12 21:13:17,2018-08-13 09:52:38,false
53,966042854,חדא אמצש,2019-10-28 15:44:59,2018-10-03 19:16:11,false
54,281741752,תרבות,2019-07-10 00:23:03,2019-03-22 11:20:36,false
55,561933550,שטיפה,2019-10-25 14:54:50,2019-01-05 20:13:31,false
56,611721739,בישול שבת,2019-11-05 20:52:11,2019-12-25 16:55:07,false
57,885731447,חדא אמצש,2018-12-19 23:19:59,2018-09-14 14:11:46,false
58,185891412,חדא אמצש,2018-07-06 04:04:11,2019-04-01 20:28:23,false
59,943555442,שמירה,2019-06-05 04:01:40,2018-07-03 15:32:01,false
60,702645412,שטיפה,2019-12-24 20:50:01,2018-06-09 08:34:59,false
61,231885469,חדא אמצש,2019-02-04 16:48:04,2018-11-29 06:37:41,false
62,934444007,חדא אמצש,2019-06-20 01:47:50,2019-09-05 20:26:03,false
63,427671993,שטיפה,2019-10-31 00:51:59,2018-07-07 04:15:11,false
64,543709257,שטיפה,2019-06-25 04:08:06,2020-01-28 01:32:25,false
65,873224266,תרבות,2018-10-12 08:50:30,2018-07-29 22:29:17,false
66,328670390,חדא אמצש,2020-02-06 22:44:37,2019-11-17 22:26:07,true
67,525837449,שטיפה,2018-10-23 12:05:59,2018-11-28 07:54:25,false
68,277894686,שטיפה,2019-10-30 09:50:10,2019-05-05 17:01:45,false
69,642466894,שמירה,2019-12-16 08:18:24,2019-07-19 12:50:59,true
70,326031543,תרבות,2018-12-14 06:45:35,2019-11-05 14:18:07,false
71,082000655,תרבות,2019-03-09 12:31:05,2018-12-16 23:13:45,false
72,031734064,שטיפה,2019-03-31 21:53:49,2018-08-03 17:11:38,false
73,799114607,חדא אמצש,2020-01-31 18:54:45,2018-10-10 21:54:12,false
74,133047101,שטיפה,2020-03-13 08:02:26,2020-04-04 19:15:44,false
75,990690836,חדא אמצש,2019-07-23 20:06:42,2018-08-08 06:40:03,false
76,259780194,שמירה,2019-10-27 18:43:47,2020-02-02 01:36:41,false
77,226601535,שטיפה,2019-12-29 15:10:00,2019-06-22 19:51:00,false
78,884065511,שמירה,2020-03-11 21:13:44,2020-01-01 13:33:05,false
79,922733899,בישול שבת,2018-09-14 21:24:54,2019-06-29 13:36:21,false
80,555725487,תרבות,2019-01-28 07:53:49,2019-08-05 23:18:26,false
81,943555442,תרבות,2020-03-06 11:42:33,2020-01-26 07:54:18,true
82,656087802,חדא אמצש,2019-04-21 18:28:40,2019-07-01 14:09:05,false
83,474505687,חדא אמצש,2018-06-09 16:17:00,2019-02-21 00:48:19,false
84,326501808,שטיפה,2019-07-05 11:30:24,2019-01-13 14:45:15,false
85,278129156,שמירה,2019-11-11 17:56:14,2020-02-13 21:54:28,true
86,364111822,שמירה,2018-07-27 22:25:07,2019-09-30 14:34:39,false
87,801892732,תרבות,2019-08-23 05:51:01,2020-03-14 17:08:17,false
88,143327192,חדא אמצש,2018-05-18 06:33:08,2019-09-02 07:23:53,false
89,239607516,שמירה,2020-01-20 06:02:24,2018-06-03 11:35:59,false
90,337248976,חדא אמצש,2019-12-09 01:32:37,2019-06-26 23:54:14,false
91,626225718,חדא אמצש,2019-06-17 06:31:07,2018-06-29 21:29:29,false
92,444712296,תרבות,2018-07-30 21:05:40,2019-07-10 22:43:33,false
93,849506226,שמירה,2019-11-27 17:03:09,2019-08-24 00:48:56,false
94,373031318,שמירה,2018-12-24 12:48:50,2019-04-17 21:40:15,false
95,842414799,חדא אמצש,2019-12-08 19:34:38,2019-10-14 18:44:21,false
96,194536467,חדא אמצש,2019-10-22 00:46:38,2020-02-16 07:04:56,false
97,985364823,שטיפה,2018-11-25 20:01:24,2018-11-18 12:10:55,false
98,087406880,תרבות,2018-06-26 00:11:31,2018-09-30 03:06:10,false
99,280424426,שטיפה,2019-09-02 13:07:58,2019-06-29 16:06:27,false
100,185891412,שטיפה,2019-12-16 11:10:24,2020-05-09 11:26:48,false
101,833659428,שמירה,2020-03-05 02:10:35,2018-06-01 16:13:07,false
102,957285362,חדא אמצש,2018-09-09 01:29:30,2018-12-11 14:47:43,false
103,325040953,בקר,2019-12-01 12:34:48,2019-10-13 15:06:45,true
104,107448715,תרבות,2020-02-10 19:28:49,2020-03-14 20:07:21,false
105,203895641,תרבות,2020-03-02 22:26:45,2018-06-15 20:27:16,false
106,130526707,שטיפה,2018-12-11 02:52:46,2018-11-07 13:11:29,false
107,719379389,חדא אמצש,2019-11-22 20:45:05,2019-05-24 16:43:08,false
108,545825500,חדא אמצש,2018-07-27 11:51:46,2018-12-21 18:07:23,false
109,022825031,חדא אמצש,2019-10-02 01:20:22,2019-12-10 15:10:59,true
110,166182181,תרבות,2020-01-30 15:15:45,2020-02-22 10:26:55,true
111,892435077,תרבות,2019-11-22 18:20:33,2020-04-07 08:55:28,true
112,264810214,בישול שבת,2018-09-30 13:39:10,2019-02-14 16:15:17,false
113,486821956,חדא אמצש,2018-10-25 05:21:24,2019-01-26 19:10:26,false
114,977542963,שמירה,2018-08-13 15:01:07,2020-02-15 10:26:33,false
115,807666918,חדא אמצש,2019-12-04 09:19:31,2019-10-20 12:07:58,true
116,616020145,חדא אמצש,2018-09-11 18:46:15,2019-11-13 04:37:08,false
117,471046851,תרבות,2019-04-05 23:28:49,2019-07-28 01:19:29,false
118,017114116,שטיפה,2019-04-27 16:19:41,2018-06-11 23:29:36,false
119,991392499,שטיפה,2020-01-08 22:22:19,2018-06-02 18:17:11,false
120,417446645,תרבות,2018-05-18 10:50:09,2019-01-09 13:44:45,false
121,952484274,חדא אמצש,2018-06-19 17:25:33,2018-09-13 09:38:18,false
122,863003871,שטיפה,2019-08-11 04:34:06,2019-08-20 08:24:16,true
123,305771879,תרבות,2019-03-16 20:03:01,2020-04-24 06:58:54,false
124,487990985,תרבות,2019-07-24 16:37:55,2019-01-27 14:10:35,false
125,687500122,שטיפה,2019-03-09 02:12:24,2020-01-30 08:24:34,false
126,277894686,חדא אמצש,2020-04-13 03:37:17,2020-01-27 17:19:44,false
127,110597906,שמירה,2018-08-23 21:56:32,2018-07-21 09:25:34,false
128,830295646,חדא אמצש,2019-08-24 00:06:16,2019-12-31 03:47:10,false
129,666106654,שטיפה,2018-12-19 14:13:17,2018-12-19 00:13:48,false
130,431601280,תרבות,2019-02-10 04:26:24,2019-04-14 01:04:16,false
131,173275665,שמירה,2020-02-11 22:50:45,2018-06-30 14:38:36,false
132,022825031,תרבות,2018-09-10 00:47:52,2018-10-15 12:34:19,false
133,689084425,תרבות,2019-05-18 17:44:20,2018-06-12 21:00:57,false
134,823487662,תרבות,2019-06-21 15:15:34,2018-06-07 03:17:29,false
135,049426216,שטיפה,2018-07-28 10:23:16,2020-03-28 13:23:26,false
136,520670674,תרבות,2019-10-29 23:50:28,2019-10-10 05:40:21,false
137,161197110,חדא אמצש,2020-05-07 02:04:21,2019-10-05 06:27:20,true
138,423203338,חדא אמצש,2019-11-24 09:36:41,2019-07-18 22:57:28,false
139,458016762,חדא אמצש,2019-12-27 20:14:20,2020-01-08 21:13:51,false
140,278129156,שטיפה,2020-02-09 06:25:28,2018-06-14 17:11:07,false
141,247956263,תרבות,2020-02-13 07:04:30,2020-02-02 02:56:17,false
142,445245558,תרבות,2019-10-23 11:44:18,2018-06-23 18:53:15,false
143,654074593,תרבות,2020-01-21 17:47:33,2018-05-18 21:19:16,false
144,358040553,תרבות,2019-11-14 08:46:40,2019-04-21 17:13:58,false
145,317173284,שטיפה,2019-09-17 10:48:35,2018-05-19 09:53:40,false
146,986275815,חדא אמצש,2019-11-19 22:41:54,2018-12-15 23:32:07,false
147,180429765,תרבות,2018-09-30 19:58:18,2018-11-04 19:34:01,false
148,798645079,חדא אמצש,2018-10-05 10:03:39,2019-06-01 01:11:26,false
149,487990985,חדא אמצש,2018-11-23 21:36:18,2018-11-05 22:08:33,false
150,357444520,תרבות,2020-04-08 01:02:44,2019-08-15 03:34:56,true
151,532051752,חדא אמצש,2018-11-07 05:26:22,2018-08-04 20:08:13,false
152,856685608,תרבות,2019-11-20 17:39:02,2018-08-05 12:33:47,false
153,861927188,שמירה,2019-10-28 17:47:13,2018-06-18 19:19:15,false
154,377340982,שמירה,2020-01-17 07:59:48,2019-04-17 05:28:31,false
155,436759840,שטיפה,2018-07-03 01:05:29,2019-01-15 03:18:33,false
156,770532085,תרבות,2019-04-23 11:58:48,2020-01-28 12:37:28,false
157,943555442,בקר,2019-06-23 14:52:36,2019-04-19 01:38:59,false
158,317173284,בישול שבת,2019-01-05 12:32:11,2020-04-27 19:58:33,false
159,335141342,תרבות,2019-07-10 09:35:47,2019-06-10 04:10:07,false
160,830295646,שמירה,2020-03-07 21:43:39,2020-04-28 16:11:21,false
161,340125942,שטיפה,2019-03-19 05:05:48,2019-08-30 22:05:36,false
162,724473105,חדא אמצש,2020-05-05 05:47:48,2018-07-19 03:54:01,false
163,475719856,שטיפה,2020-03-19 00:36:40,2018-06-12 05:18:48,false
164,862910564,שטיפה,2018-10-23 03:01:20,2019-03-06 12:00:06,false
165,681378872,שטיפה,2018-05-27 21:58:49,2019-09-25 01:35:46,false
166,266509197,תרבות,2019-04-27 03:56:26,2020-01-23 09:15:54,false
167,994032568,תרבות,2020-05-10 15:55:23,2019-10-24 09:34:23,false
168,473739707,חדא אמצש,2019-11-14 18:21:17,2019-12-31 10:16:10,false
169,351368627,שטיפה,2018-08-02 16:01:38,2018-11-30 08:15:12,false
170,804790549,תרבות,2019-02-25 18:36:51,2019-06-28 07:00:46,false
171,678936616,תרבות,2019-03-10 01:55:18,2019-09-19 19:07:53,false
172,640991861,שטיפה,2018-12-17 10:41:02,2018-10-20 03:14:24,false
173,863983022,תרבות,2018-10-30 01:07:08,2018-08-06 07:51:56,false
174,547623982,שטיפה,2019-10-19 07:22:07,2018-07-20 21:36:43,false
175,180017380,חדא אמצש,2018-09-20 13:47:20,2019-11-06 09:34:11,false
176,841922502,חדא אמצש,2018-06-30 23:51:46,2020-04-13 23:29:52,false
177,121806052,תרבות,2018-08-27 13:42:59,2018-08-07 14:08:19,false
178,480047487,תרבות,2019-06-05 01:36:57,2019-05-26 17:56:40,false
179,358040553,בישול שבת,2019-02-14 12:31:09,2019-11-27 08:24:56,false
180,958442098,חדא אמצש,2019-02-09 09:42:20,2019-12-16 18:22:50,false
181,315826201,חדא אמצש,2019-04-04 08:30:57,2020-01-16 07:58:06,false
182,510291671,חדא אמצש,2020-03-31 22:18:40,2018-05-24 11:02:50,false
183,231885469,תרבות,2018-07-10 18:21:10,2019-12-22 11:55:25,false
184,669491606,שטיפה,2020-04-16 02:16:16,2019-12-16 22:32:31,false
185,687802825,תרבות,2020-02-13 23:23:32,2019-03-28 00:40:38,false
186,143978604,שמירה,2020-04-02 03:54:52,2018-05-31 09:16:34,false
187,137659282,תרבות,2020-02-20 05:36:33,2018-06-11 09:04:01,false
188,246129760,שמירה,2019-03-10 02:34:48,2018-10-20 19:47:52,false
189,580624494,בישול שבת,2019-11-17 09:38:15,2018-12-25 20:09:09,false
190,468254910,שטיפה,2018-08-09 13:44:15,2019-06-09 07:31:47,false
191,560243495,חדא אמצש,2018-08-12 12:20:29,2018-09-13 21:03:35,false
192,664006767,תרבות,2019-11-03 23:08:21,2019-01-02 01:10:08,false
193,687039556,חדא אמצש,2019-01-28 23:04:26,2019-12-21 23:03:48,false
194,991561756,חדא אמצש,2018-11-22 09:52:32,2019-10-30 05:28:54,false
195,572553098,חדא אמצש,2019-02-19 23:40:47,2018-06-03 06:44:50,false
196,975003349,תרבות,2019-11-11 02:19:05,2019-08-31 21:56:31,false
197,971739178,חדא אמצש,2018-08-24 23:28:19,2018-10-01 08:01:49,false
198,179779530,בישול שבת,2018-05-21 12:16:34,2018-11-27 00:17:58,false
199,626392700,שטיפה,2018-11-02 11:12:31,2018-07-07 22:40:15,false
200,855524902,חדא אמצש,2018-08-19 18:43:04,2019-06-28 03:28:10,false
201,626125772,שטיפה,2019-02-28 07:17:20,2019-11-28 13:32:29,false
202,418471257,שטיפה,2019-02-14 20:59:11,2019-06-14 10:59:37,false
203,029677308,תרבות,2018-11-08 05:48:21,2019-08-19 02:25:16,false
204,116789418,חדא אמצש,2019-11-16 03:59:28,2019-06-15 20:57:22,false
205,514701988,שמירה,2019-02-05 23:04:08,2019-10-01 19:25:08,false
206,155001293,תרבות,2019-01-25 15:11:48,2018-07-04 17:14:10,false
207,871301848,תרבות,2019-06-01 03:18:50,2018-06-02 23:14:35,false
208,897761481,חדא אמצש,2018-07-18 21:31:17,2018-12-31 13:55:38,false
209,040910850,בישול שבת,2019-02-25 15:18:26,2019-08-22 00:24:22,false
210,029917121,חדא אמצש,2019-09-26 20:34:50,2018-12-24 10:46:27,false
211,740872313,שמירה,2019-02-26 17:55:34,2018-11-26 00:30:27,false
212,560243495,שמירה,2019-09-16 13:32:54,2019-02-10 20:43:09,false
213,385816548,תרבות,2019-10-10 05:18:39,2020-05-03 00:23:02,true
214,474505687,תרבות,2019-09-18 01:46:11,2018-05-19 14:49:40,false
215,960212254,שמירה,2018-10-23 07:19:30,2019-06-28 00:21:13,false
216,483022715,שמירה,2019-09-07 07:38:32,2018-05-21 12:56:29,false
217,073372950,בישול שבת,2019-01-07 17:57:18,2019-02-17 05:13:49,false
218,122915959,תרבות,2019-02-08 04:11:05,2019-11-04 15:27:54,false
219,850224962,שמירה,2019-02-24 07:20:00,2020-03-09 19:57:34,false
220,045223571,חדא אמצש,2019-02-02 10:47:20,2018-12-28 02:54:02,false
221,842038097,תרבות,2018-08-19 05:41:13,2018-09-25 21:13:51,false
222,770496987,תרבות,2019-04-21 22:21:39,2020-02-10 17:10:47,false
223,721055717,תרבות,2019-01-11 18:46:11,2018-08-29 06:21:35,false
224,611371999,תרבות,2019-04-09 14:08:59,2019-04-19 21:16:26,false
225,532051752,בישול שבת,2018-07-25 03:12:25,2018-10-14 12:50:51,false
226,329445822,תרבות,2018-11-03 09:59:16,2018-07-18 09:29:59,false
227,489675695,שטיפה,2019-02-16 15:09:31,2018-06-21 23:25:40,false
228,411114746,שטיפה,2019-08-14 11:08:04,2018-08-19 22:23:04,false
229,601108303,תרבות,2019-02-19 17:07:28,2019-11-12 12:13:23,false
230,514453573,תרבות,2018-05-28 20:18:52,2020-05-10 22:57:40,false
231,569922001,שטיפה,2019-08-08 13:46:34,2019-12-01 09:59:38,false
232,508823430,שטיפה,2020-05-08 21:30:34,2018-12-09 06:16:13,false
233,012981051,שמירה,2019-12-19 12:33:27,2019-04-30 03:58:33,false
234,246129760,תרבות,2018-12-18 03:36:28,2020-03-30 23:09:56,false
235,585935374,חדא אמצש,2018-11-15 17:49:52,2019-06-26 20:47:27,false
236,863787339,שטיפה,2018-09-12 14:17:10,2018-05-21 08:46:06,false
237,860676126,תרבות,2019-03-31 22:58:34,2019-06-12 11:20:43,false
238,933148334,חדא אמצש,2019-07-20 11:20:47,2020-03-29 16:35:41,false
239,024874402,שמירה,2019-07-30 13:13:58,2019-11-29 07:11:07,false
240,102328800,חדא אמצש,2019-01-01 13:52:58,2019-01-06 13:39:40,false
241,445092317,שמירה,2018-06-24 09:39:10,2019-08-05 11:23:41,false
242,299523749,תרבות,2019-02-07 12:46:36,2019-05-22 14:38:11,false
243,551662926,שמירה,2020-02-27 05:02:22,2018-08-13 14:42:23,false
244,913383534,תרבות,2020-05-06 11:06:54,2020-02-07 09:38:31,false
245,493121602,חדא אמצש,2019-04-23 18:41:04,2019-07-26 13:49:09,false
246,347735419,תרבות,2020-02-26 14:38:14,2019-11-17 15:26:11,false
247,294866175,שמירה,2020-04-09 22:53:26,2020-01-18 11:22:15,false
248,315770454,תרבות,2018-06-20 11:55:13,2018-11-28 19:39:47,false
249,394715868,חדא אמצש,2020-04-22 12:11:46,2019-07-02 08:55:44,false
250,281904207,תרבות,2019-09-12 10:15:58,2020-02-09 23:53:30,true
251,241059610,חדא אמצש,2018-06-01 05:13:06,2018-06-23 19:49:41,false
252,373389465,שמירה,2019-03-20 03:17:05,2019-02-15 21:57:16,false
253,659177074,חדא אמצש,2020-02-27 17:03:56,2018-08-02 11:06:35,false
254,803115617,תרבות,2020-02-24 22:04:19,2020-03-02 11:50:39,false
255,935485554,חדא אמצש,2019-11-13 09:56:53,2018-07-09 14:57:28,false
256,334493519,שמירה,2018-12-01 06:19:41,2019-01-23 05:57:16,false
257,681856736,חדא אמצש,2018-08-05 09:20:40,2019-12-22 05:50:43,false
258,720326814,חדא אמצש,2019-07-09 16:17:57,2018-06-14 00:46:06,false
259,995483389,חדא אמצש,2019-03-08 14:23:54,2019-08-19 23:12:57,false
260,009805535,חדא אמצש,2018-10-02 06:30:20,2018-06-04 16:54:53,false
261,481482909,שטיפה,2019-04-04 06:18:42,2019-05-12 21:18:39,false
262,785728749,שמירה,2019-06-06 00:15:15,2019-08-06 15:43:31,true
263,444543787,חדא אמצש,2019-01-24 07:58:47,2019-11-09 00:48:02,false
264,762427956,שטיפה,2018-12-30 12:27:28,2020-03-09 16:51:14,false
265,403255844,תרבות,2019-06-27 00:49:31,2019-06-10 21:37:41,false
266,577934418,חדא אמצש,2019-03-04 04:55:08,2019-08-21 16:38:05,false
267,121806052,בישול שבת,2019-11-12 06:57:42,2019-06-01 16:11:23,true
268,161604557,תרבות,2019-12-12 00:53:52,2018-06-19 22:07:44,false
269,236792183,תרבות,2019-09-16 08:51:36,2018-11-25 02:24:34,false
270,301155166,חדא אמצש,2019-11-17 00:03:47,2019-01-04 01:25:29,false
271,206733738,שמירה,2019-04-17 22:33:25,2018-06-02 22:01:33,false
272,960212254,חדא אמצש,2020-01-13 15:56:05,2020-04-15 01:55:31,true
273,493121602,תרבות,2018-12-21 14:35:43,2019-10-22 04:20:57,false
274,394761269,חדא אמצש,2019-10-12 22:12:12,2019-12-22 21:21:01,true
275,526681663,בקר,2020-02-16 01:39:26,2020-04-24 07:13:59,true
276,848519781,חדא אמצש,2018-08-25 09:47:33,2019-03-07 08:01:11,false
277,428326906,חדא אמצש,2019-10-27 22:26:18,2019-03-01 03:53:15,false
278,686396464,תרבות,2018-10-26 21:16:34,2020-03-11 12:41:21,false
279,156016295,שטיפה,2019-12-27 05:58:36,2020-01-02 06:25:27,false
280,383567236,חדא אמצש,2018-08-20 19:09:29,2019-03-22 19:44:58,false
281,385877364,חדא אמצש,2019-07-25 06:06:25,2020-05-09 02:00:55,false
282,452805559,שטיפה,2019-07-12 05:07:30,2018-10-06 16:49:23,false
283,997674091,שטיפה,2019-12-19 03:40:49,2018-07-12 22:37:40,false
284,861927188,חדא אמצש,2019-03-14 09:29:12,2020-02-18 13:32:10,false
285,361490605,תרבות,2019-09-17 13:43:21,2020-03-14 19:29:09,true
286,872622494,חדא אמצש,2018-09-30 15:11:48,2018-07-10 08:44:50,false
287,392310933,שמירה,2020-02-22 09:44:34,2018-10-07 01:31:51,false
288,734445293,תרבות,2018-05-19 04:03:18,2019-08-21 08:32:03,false
289,514448179,שטיפה,2019-10-31 06:38:01,2019-11-20 09:15:51,true
290,686396464,חדא אמצש,2019-11-21 17:32:07,2018-09-13 14:46:19,false
291,738423186,תרבות,2018-08-06 05:00:08,2019-08-19 10:33:17,false
292,166638529,שמירה,2019-06-04 03:43:36,2020-04-16 01:14:49,false
293,774350597,תרבות,2019-02-01 09:29:13,2019-06-27 13:50:33,false
294,011947902,תרבות,2020-01-18 06:47:12,2019-05-30 05:16:19,true
295,773195647,תרבות,2018-09-06 18:47:59,2019-06-24 23:39:35,false
296,402968085,שטיפה,2018-11-28 05:41:24,2019-08-08 04:10:50,false
297,308024282,חדא אמצש,2018-10-04 13:39:55,2020-03-17 05:22:09,false
298,405866222,חדא אמצש,2019-09-23 00:44:34,2018-11-07 10:52:45,false
299,386674212,תרבות,2019-07-18 21:07:02,2018-09-09 03:55:11,false
300,559358149,שמירה,2019-02-13 22:08:54,2019-02-24 18:43:29,false
301,609366509,תרבות,2019-07-28 10:49:45,2019-01-09 03:24:33,false
302,818415171,תרבות,2019-08-14 18:57:39,2018-10-20 23:04:06,false
303,932145216,שטיפה,2019-11-08 16:11:35,2019-04-09 13:24:11,false
304,253261382,שטיפה,2019-06-25 13:34:16,2019-07-03 14:06:06,true
305,704023361,שטיפה,2020-04-03 10:42:02,2019-12-22 16:14:33,false
306,265879557,שטיפה,2019-11-03 12:45:18,2019-05-01 12:24:46,false
307,328670390,תרבות,2019-04-25 03:07:31,2020-02-22 19:58:02,false
308,862341815,שמירה,2019-06-18 16:38:46,2019-01-09 06:12:44,false
309,229971094,שמירה,2020-01-15 07:52:32,2019-04-07 09:55:29,false
310,155001293,שטיפה,2019-04-07 03:36:46,2020-02-12 05:31:44,false
311,675122839,חדא אמצש,2019-01-13 08:52:29,2019-08-27 16:14:33,false
312,863787339,חדא אמצש,2018-10-03 09:20:21,2018-09-12 00:00:23,false
313,528291503,תרבות,2020-05-05 13:05:07,2018-06-11 09:37:59,false
314,514448179,חדא אמצש,2019-09-17 22:22:32,2020-03-14 07:00:02,true
315,289828810,חדא אמצש,2019-12-19 08:36:32,2019-10-04 20:24:03,false
316,428811114,תרבות,2019-01-22 04:24:59,2018-12-15 23:00:13,false
317,971925565,תרבות,2020-01-08 22:14:32,2018-06-08 01:58:10,false
318,774350597,חדא אמצש,2019-02-07 12:15:25,2019-12-21 23:30:52,false
319,940313678,חדא אמצש,2019-01-20 00:35:13,2018-06-05 03:49:18,false
320,668291889,שטיפה,2019-01-13 04:23:04,2018-06-02 04:24:51,false
321,452677408,חדא אמצש,2019-10-06 21:10:12,2019-03-16 13:27:05,false
322,601108303,שטיפה,2020-01-04 10:52:57,2019-01-09 04:25:46,false
323,201950118,חדא אמצש,2019-12-04 19:33:45,2019-01-19 17:31:21,false
324,453497051,חדא אמצש,2018-06-02 10:32:15,2018-08-16 03:32:26,false
325,794508129,תרבות,2019-09-09 11:30:31,2018-08-26 09:20:44,false
326,392733362,חדא אמצש,2020-04-01 19:33:52,2020-04-14 13:59:56,true
327,950106383,תרבות,2018-05-26 09:30:23,2019-08-11 17:46:08,false
328,045126555,בישול שבת,2020-02-03 17:59:44,2018-11-16 03:26:00,false
329,020106829,שמירה,2018-10-05 06:15:38,2019-08-14 17:02:53,false
330,385405751,שמירה,2019-03-17 15:20:33,2018-12-12 15:33:51,false
331,611721739,תרבות,2020-04-10 22:13:47,2019-06-10 12:23:49,true
332,952425516,תרבות,2018-11-21 20:35:35,2018-07-10 02:02:50,false
333,584132402,חדא אמצש,2020-04-01 07:06:31,2019-04-23 21:54:42,false
334,921263865,שמירה,2018-08-02 23:51:03,2018-10-12 04:08:40,false
335,146544828,חדא אמצש,2018-09-13 12:07:04,2020-02-22 08:49:44,false
336,818415171,שמירה,2018-06-17 19:00:05,2018-10-23 02:16:26,false
337,734200807,תרבות,2019-11-10 16:08:37,2019-01-21 20:45:37,false
338,029677308,חדא אמצש,2020-01-21 09:24:03,2019-10-25 13:09:24,false
339,351368627,חדא אמצש,2018-11-23 04:56:05,2018-10-28 10:30:33,false
340,765888198,שטיפה,2019-01-09 07:22:05,2019-07-31 08:32:32,false
341,876755536,תרבות,2019-11-08 04:41:58,2019-08-29 07:57:15,true
342,807617134,תרבות,2018-10-02 17:22:33,2019-10-18 16:23:50,false
343,832513448,תרבות,2018-06-07 17:46:19,2019-03-11 11:53:30,false
344,564223498,תרבות,2019-04-18 17:19:53,2018-07-28 05:01:40,false
345,520670674,חדא אמצש,2020-02-14 01:51:21,2019-10-03 15:15:46,false
346,761193248,חדא אמצש,2019-07-11 09:18:02,2018-05-25 07:39:10,false
347,934444007,תרבות,2020-01-16 17:57:55,2018-07-01 21:12:07,false
348,525391059,שטיפה,2019-11-05 17:39:24,2018-09-13 15:48:04,false
349,490638973,חדא אמצש,2019-11-22 09:27:45,2019-02-13 17:56:51,false
350,648208506,שמירה,2019-04-22 19:27:48,2020-03-20 17:15:10,false
351,521438175,בישול שבת,2018-08-21 10:34:41,2020-05-06 04:09:29,false
352,279292347,תרבות,2019-11-24 05:55:36,2020-03-27 01:26:26,true
353,867123686,חדא אמצש,2018-07-26 20:47:31,2018-09-10 13:17:31,false
354,920915024,שטיפה,2019-03-12 18:04:18,2019-11-17 15:44:18,false
355,049810378,שטיפה,2018-08-01 15:23:47,2018-10-19 13:38:12,false
356,271635459,חדא אמצש,2018-08-26 00:02:07,2020-03-31 20:07:54,false
357,809664205,בקר,2019-06-24 00:23:03,2019-04-13 15:26:39,false
358,752158129,תרבות,2019-06-14 10:55:18,2019-07-20 17:26:56,false
359,187612268,חדא אמצש,2019-02-08 12:26:10,2019-12-31 08:01:38,false
360,233021379,שמירה,2019-04-28 02:19:33,2018-12-08 23:06:56,false
361,897708851,שטיפה,2018-09-04 11:17:01,2019-01-28 09:17:04,false
362,753073939,תרבות,2019-10-03 05:51:01,2018-08-02 01:06:51,false
363,791085507,חדא אמצש,2020-01-21 02:38:51,2019-11-21 03:38:24,true
364,752508693,תרבות,2019-03-26 16:03:41,2020-01-23 09:36:35,false
365,281570894,שמירה,2019-02-12 20:19:17,2019-04-09 09:37:26,false
366,456815142,חדא אמצש,2019-08-10 13:16:08,2018-06-23 16:09:28,false
367,453497051,שמירה,2019-03-13 20:20:18,2019-06-12 00:17:35,false
368,791228935,שמירה,2019-03-13 09:48:48,2019-10-16 16:22:57,false
369,648208506,חדא אמצש,2019-04-22 16:11:32,2019-12-03 14:29:27,false
370,656087802,שמירה,2019-08-14 03:13:55,2019-06-23 16:13:27,false
371,408212324,שמירה,2018-05-18 05:58:21,2019-02-27 21:36:43,false
372,557849312,חדא אמצש,2019-12-28 00:01:32,2020-03-25 07:11:46,true
373,480047487,שטיפה,2019-03-27 04:37:21,2019-12-08 14:43:14,false
374,811132286,חדא אמצש,2018-06-23 08:01:29,2020-05-14 20:48:01,false
375,385816548,חדא אמצש,2020-02-05 14:52:39,2019-05-31 23:28:58,false
376,867244889,תרבות,2018-07-02 18:09:20,2018-12-08 08:27:32,false
377,656087802,תרבות,2018-07-10 20:00:37,2019-11-06 15:09:19,false
378,565083593,תרבות,2020-03-12 11:52:43,2018-06-19 13:40:46,false
379,687802825,שטיפה,2019-05-04 01:24:11,2020-04-11 15:29:17,false
380,337248976,שטיפה,2019-02-02 12:31:48,2019-03-04 05:21:52,false
381,161197110,בישול שבת,2019-09-04 07:03:54,2019-04-14 11:08:26,false
382,002070472,חדא אמצש,2018-09-02 06:05:25,2020-03-22 18:31:31,false
383,932759915,שטיפה,2020-02-24 18:30:18,2019-12-30 05:59:34,true
384,110597906,שטיפה,2018-06-27 16:38:00,2019-07-14 14:33:13,false
385,219247738,חדא אמצש,2018-10-01 11:23:20,2019-04-03 16:27:15,false
386,099740374,תרבות,2019-05-17 04:42:20,2018-09-12 17:48:50,false
387,151173459,בישול שבת,2019-09-13 09:33:50,2018-10-04 06:57:57,false
388,271429431,שטיפה,2018-06-14 04:36:43,2018-12-19 18:06:48,false
389,981198949,חדא אמצש,2019-07-11 10:14:37,2018-05-17 03:56:08,false
390,490638973,שמירה,2019-02-18 05:54:33,2020-01-06 19:59:05,false
391,807951773,חדא אמצש,2019-07-11 14:05:23,2018-07-20 02:02:14,false
392,940975054,שמירה,2019-05-31 13:53:40,2019-07-31 04:08:00,true
393,427671993,תרבות,2018-07-26 21:37:57,2019-08-01 02:34:07,false
394,780520191,תרבות,2018-10-22 14:24:33,2019-10-10 12:28:59,false
395,789804557,חדא אמצש,2020-01-31 19:38:24,2019-10-02 23:16:31,true
396,585566509,שטיפה,2018-12-22 19:19:01,2018-10-28 02:51:03,false
397,334493519,חדא אמצש,2019-10-08 20:10:53,2018-08-01 09:48:50,false
398,364111822,שטיפה,2019-06-10 07:17:14,2020-04-14 10:25:06,true
399,045126555,שטיפה,2018-08-05 08:46:28,2020-04-24 04:03:01,false
400,469723554,תרבות,2019-05-29 09:23:10,2018-05-27 03:31:08,false
401,247956263,שטיפה,2019-03-15 23:16:46,2019-12-29 02:38:45,false
402,120109825,חדא אמצש,2020-05-01 12:13:03,2018-09-01 09:04:36,false
403,341301511,תרבות,2018-12-16 08:35:04,2018-11-03 16:53:20,false
404,495158079,חדא אמצש,2020-05-11 19:03:26,2019-12-31 08:51:12,true
405,095527021,תרבות,2019-06-03 05:49:21,2020-01-23 23:48:37,true
406,456815142,שטיפה,2018-09-14 12:51:06,2019-04-03 08:29:36,false
407,002070472,תרבות,2018-08-27 03:02:36,2020-05-07 10:04:29,false
408,127040567,שמירה,2020-05-12 11:32:24,2019-04-18 19:55:36,false
409,436291288,שטיפה,2020-04-03 09:21:06,2018-09-17 14:48:47,false
410,021530909,תרבות,2018-09-16 08:24:09,2020-02-28 18:35:14,false
411,994032568,שטיפה,2018-06-27 04:45:20,2018-07-17 20:11:30,false
412,562735726,חדא אמצש,2019-03-05 23:24:28,2020-03-09 23:52:40,false
413,672498336,שטיפה,2019-11-20 11:08:35,2019-06-11 02:18:02,true
414,971925565,חדא אמצש,2019-11-11 23:18:30,2018-06-12 05:17:24,false
415,468665062,שמירה,2019-05-10 16:39:11,2019-06-27 21:48:28,false
416,440494554,תרבות,2020-03-08 04:12:03,2019-03-12 14:45:59,false
417,120109825,תרבות,2019-03-05 23:36:00,2018-09-24 21:37:01,false
418,306045192,שמירה,2019-04-05 20:52:16,2019-07-27 10:57:52,false
419,055867917,שטיפה,2020-03-15 23:38:49,2019-09-06 01:13:22,true
420,370949773,בישול שבת,2018-10-22 19:39:24,2019-09-01 12:48:34,false
421,146544828,תרבות,2018-11-26 11:23:21,2019-05-07 03:02:04,false
422,033161739,שטיפה,2018-11-30 05:55:27,2019-05-25 13:03:59,false
423,628893174,שטיפה,2019-07-13 09:46:37,2018-05-24 14:52:47,false
424,728202745,שמירה,2019-07-09 14:20:00,2019-04-28 07:13:01,false
425,906174156,חדא אמצש,2019-12-04 02:41:05,2019-03-07 21:40:33,false
426,693039136,בישול שבת,2020-01-30 22:51:02,2019-04-09 11:22:55,false
427,073372950,תרבות,2019-12-05 03:40:37,2019-07-30 22:28:49,false
428,029677308,שטיפה,2020-04-08 09:03:08,2019-02-07 19:27:21,false
429,299523749,שמירה,2019-04-27 20:34:39,2020-04-27 18:25:37,false
430,514701988,שטיפה,2020-02-25 04:06:43,2019-02-14 05:48:02,false
431,949570089,חדא אמצש,2019-03-12 02:20:30,2020-03-27 03:52:23,false
432,532051752,תרבות,2019-12-07 18:29:17,2018-06-01 11:55:12,false
433,159169179,שטיפה,2019-12-25 03:52:41,2018-11-21 18:08:52,false
434,568462686,שטיפה,2019-09-04 01:29:43,2020-03-06 06:49:00,true
435,280017077,תרבות,2018-10-15 10:27:36,2018-11-16 19:08:58,false
436,807666918,שמירה,2018-09-22 15:48:56,2018-06-09 18:52:02,false
437,340125942,חדא אמצש,2020-04-22 15:32:39,2019-10-14 23:29:38,false
438,391593954,תרבות,2018-07-20 12:47:08,2019-01-06 18:45:13,false
439,991561756,תרבות,2019-08-11 22:19:06,2018-09-04 02:16:35,false
440,261554990,חדא אמצש,2020-02-12 13:10:20,2019-11-24 20:05:31,true
441,638601093,שמירה,2018-11-23 10:03:08,2019-12-28 19:56:51,false
442,473682313,תרבות,2018-06-01 15:36:15,2020-02-18 04:45:56,false
443,616020145,שמירה,2018-07-04 07:31:15,2019-01-20 16:36:59,false
444,742256481,שמירה,2019-06-22 20:54:27,2018-11-16 20:29:09,false
445,425307349,שטיפה,2018-12-15 13:40:21,2019-06-09 17:52:21,false
446,401712205,חדא אמצש,2019-07-30 23:11:09,2020-03-01 17:17:42,true
447,261554990,תרבות,2019-11-17 14:04:07,2019-05-14 14:01:07,false
448,612055548,שמירה,2018-07-22 10:08:53,2018-06-21 09:59:48,false
449,264792793,בישול שבת,2019-12-07 02:18:06,2018-08-24 12:32:23,false
450,229081334,שמירה,2019-06-27 17:03:16,2018-07-13 16:08:33,false
451,558329919,חדא אמצש,2019-03-02 19:23:12,2018-07-17 14:04:21,false
452,355129085,חדא אמצש,2019-08-21 04:39:24,2019-03-10 09:51:24,false
453,353856698,שטיפה,2018-07-19 03:40:46,2018-07-02 01:22:38,false
454,222071328,חדא אמצש,2019-07-22 12:45:43,2019-03-29 17:22:05,false
455,781457704,חדא אמצש,2020-01-13 19:48:37,2018-11-22 05:39:19,false
456,600158113,תרבות,2018-08-01 10:51:16,2020-04-15 19:20:58,false
457,992089248,שטיפה,2018-08-08 16:04:45,2019-02-27 22:33:23,false
458,081399454,חדא אמצש,2020-01-30 00:21:53,2019-02-07 22:34:43,false
459,638601093,תרבות,2018-12-29 11:27:37,2018-09-24 08:54:14,false
460,802174985,חדא אמצש,2019-08-22 18:15:31,2020-05-05 08:19:22,true
461,686396464,בישול שבת,2018-10-30 14:39:05,2019-09-13 16:24:34,false
462,787813054,תרבות,2019-03-23 02:54:25,2019-01-24 06:25:47,false
463,273478449,חדא אמצש,2018-09-20 22:39:27,2019-06-10 06:44:05,false
464,005384491,שטיפה,2018-08-28 17:38:31,2020-02-02 06:40:06,false
465,799114607,שטיפה,2018-07-18 07:22:40,2018-05-21 01:22:21,false
466,251359195,תרבות,2019-04-10 13:09:45,2020-02-04 09:44:04,false
467,960352171,בישול שבת,2019-04-24 05:14:10,2018-05-27 10:24:04,false
468,255605535,חדא אמצש,2019-12-23 05:58:28,2019-04-09 07:49:22,false
469,054281829,שמירה,2018-10-31 15:36:19,2018-06-17 12:36:28,false
470,380540777,חדא אמצש,2019-07-16 02:05:37,2018-10-08 15:17:10,false
471,281912123,שטיפה,2019-02-02 05:50:57,2018-12-06 13:27:51,false
472,240390677,שטיפה,2020-02-06 02:51:19,2020-01-09 18:48:53,false
473,672719556,חדא אמצש,2018-08-03 13:20:49,2019-05-03 16:39:50,false
474,577934418,תרבות,2019-10-20 04:33:52,2019-11-05 02:52:21,true
475,418732687,שמירה,2018-11-17 09:48:39,2020-04-30 07:30:59,false
476,311472499,שטיפה,2018-06-08 05:04:07,2019-01-28 20:28:29,false
477,383549759,חדא אמצש,2018-09-23 13:21:30,2018-11-02 10:07:57,false
478,952425516,חדא אמצש,2019-02-26 05:27:08,2018-06-19 20:26:22,false
479,053594577,חדא אמצש,2018-07-22 15:14:46,2019-02-18 18:17:35,false
480,949773409,חדא אמצש,2018-11-04 15:01:26,2019-09-09 19:36:36,false
481,013538751,תרבות,2020-03-04 18:45:44,2018-12-21 02:21:06,false
482,347348111,שטיפה,2019-06-21 20:00:13,2019-08-16 05:37:32,true
483,173275665,שטיפה,2018-06-07 15:12:07,2018-06-21 02:24:27,false
484,393791727,תרבות,2020-02-08 08:56:55,2020-03-01 00:50:53,false
485,635743075,תרבות,2018-06-06 15:34:46,2018-06-17 00:35:22,false
486,838230603,תרבות,2019-03-11 23:56:13,2019-03-11 19:36:18,false
487,151368594,חדא אמצש,2019-12-06 14:19:12,2018-07-23 07:52:19,false
488,263875987,חדא אמצש,2018-09-08 09:09:32,2020-03-21 08:54:44,false
489,734445293,שטיפה,2018-06-26 13:00:02,2018-10-25 05:09:02,false
490,954602138,חדא אמצש,2018-11-30 20:44:52,2019-03-28 20:48:54,false
491,608266886,תרבות,2019-03-23 16:37:43,2019-07-20 04:36:11,false
492,540596484,חדא אמצש,2019-02-18 01:24:04,2019-07-10 09:58:30,false
493,175504767,תרבות,2019-02-12 15:23:10,2019-08-04 20:46:39,false
494,555725487,שמירה,2018-11-30 14:51:14,2019-11-24 01:11:27,false
495,913383534,שטיפה,2020-04-10 16:08:53,2018-06-02 17:29:32,false
496,392310933,חדא אמצש,2018-08-28 03:34:31,2018-09-10 18:18:57,false
497,545825500,שטיפה,2018-07-02 02:44:48,2020-01-02 19:44:05,false
498,318805881,שמירה,2020-02-18 09:52:56,2019-12-22 20:57:39,false
499,383861881,תרבות,2019-09-03 09:05:09,2019-01-03 20:26:26,false
500,577934418,שמירה,2019-04-24 08:09:15,2019-05-21 00:03:13,false
501,053824737,תרבות,2019-02-03 04:22:29,2018-09-28 03:02:25,false
502,032943552,תרבות,2019-11-12 09:46:54,2020-04-09 16:56:47,false
503,385405751,חדא אמצש,2019-01-12 07:41:40,2019-07-10 04:10:39,false
504,233021379,תרבות,2018-08-08 13:12:31,2019-03-15 17:55:43,false
505,333543019,שמירה,2019-11-22 19:49:24,2019-02-16 18:06:48,false
506,002070472,שטיפה,2018-06-08 13:22:28,2019-05-17 06:00:53,false
507,652847645,תרבות,2020-03-19 19:55:05,2018-07-08 13:39:42,false
508,300937540,שמירה,2018-11-05 03:27:23,2019-11-04 01:43:04,false
509,662107323,שמירה,2019-04-06 05:23:10,2018-11-21 14:08:33,false
510,443108577,שטיפה,2020-03-11 12:54:39,2020-03-18 09:27:13,true
511,538068416,שמירה,2019-05-13 06:55:10,2018-10-10 21:01:45,false
512,862910564,חדא אמצש,2018-06-06 14:08:14,2018-09-05 11:43:10,false
513,472647051,שטיפה,2018-09-22 20:13:25,2019-01-10 18:15:21,false
514,681107173,חדא אמצש,2019-08-13 05:21:19,2019-07-16 01:33:32,true
515,724473105,תרבות,2019-03-23 14:40:51,2019-01-13 11:09:27,false
516,169657594,שמירה,2019-03-06 01:35:23,2020-04-24 17:40:34,false
517,129382077,תרבות,2018-08-13 19:26:02,2019-04-03 09:11:16,false
518,134892183,חדא אמצש,2020-04-08 18:18:20,2019-07-31 20:02:42,true
519,475719856,שמירה,2018-05-22 15:52:09,2019-09-17 20:36:34,false
520,269210025,שטיפה,2019-03-29 13:28:04,2019-02-12 04:00:22,false
521,099740374,בקר,2020-04-26 10:49:34,2018-08-18 05:21:43,false
522,770265700,חדא אמצש,2020-02-18 14:24:00,2019-12-07 03:14:14,true
523,883412370,שמירה,2019-05-23 11:58:36,2018-07-26 04:19:33,false
524,985364823,תרבות,2020-05-04 02:58:18,2019-05-19 18:35:55,false
525,095431962,שטיפה,2019-08-30 19:11:47,2019-02-13 20:55:23,false
526,991392499,חדא אמצש,2020-03-25 19:16:19,2019-04-07 01:08:09,false
527,329445822,שמירה,2019-06-09 11:03:38,2019-07-10 02:03:22,false
528,588180501,תרבות,2020-02-23 14:21:37,2019-02-05 01:49:34,false
529,407427465,חדא אמצש,2020-02-12 16:45:17,2019-08-24 10:17:42,true
530,802174985,שטיפה,2018-09-04 01:15:55,2019-09-20 14:05:07,false
531,066263609,חדא אמצש,2018-06-30 06:26:54,2019-12-19 22:08:10,false
532,864699724,חדא אמצש,2018-12-01 02:34:47,2019-01-07 19:10:32,false
533,162631453,שטיפה,2018-06-27 12:38:33,2018-09-07 10:52:09,false
534,279292347,שמירה,2019-07-13 21:40:37,2019-06-15 08:39:08,true
535,829003854,תרבות,2020-04-18 01:15:39,2018-08-25 01:01:11,false
536,203895641,שטיפה,2020-04-13 18:14:42,2018-08-11 04:50:58,false
537,255896305,שמירה,2019-08-07 20:22:00,2019-11-16 18:32:37,false
538,611371999,שמירה,2018-09-30 22:55:37,2019-02-17 18:10:38,false
539,711565843,תרבות,2020-01-27 19:35:47,2018-12-10 22:28:44,false
540,402968085,חדא אמצש,2020-02-20 22:26:52,2019-08-31 07:32:55,false
541,560243495,תרבות,2019-11-02 14:21:30,2019-02-19 05:00:41,false
542,350708885,חדא אמצש,2019-05-25 21:00:33,2019-08-18 00:18:20,true
543,299523749,חדא אמצש,2019-02-12 23:15:41,2019-01-25 19:05:35,false
544,957538494,תרבות,2020-05-11 00:28:22,2019-10-17 13:42:50,false
545,436291288,שמירה,2019-01-18 22:25:00,2020-04-11 23:10:56,false
546,025497965,שמירה,2019-12-01 08:24:13,2019-12-18 18:37:08,false
547,685289270,חדא אמצש,2018-10-13 21:06:06,2019-04-04 14:56:42,false
548,330781628,שטיפה,2020-01-05 08:02:07,2019-02-02 04:53:58,false
549,796126918,חדא אמצש,2020-03-25 01:48:18,2020-05-14 16:00:43,false
550,293614497,תרבות,2019-06-02 00:01:11,2018-11-14 13:15:54,false
551,508967170,חדא אמצש,2019-07-10 19:54:10,2018-08-20 03:18:32,false
552,485174915,בישול שבת,2020-03-11 09:29:14,2019-06-28 04:43:15,true
553,087458946,בקר,2020-02-24 10:44:58,2019-01-08 16:50:39,false
554,605184746,תרבות,2018-08-02 00:59:37,2019-05-13 14:05:18,false
555,801892732,שטיפה,2018-05-26 10:28:19,2018-09-18 22:39:03,false
556,807617134,שמירה,2018-11-29 08:15:39,2019-07-29 19:18:08,false
557,016066027,חדא אמצש,2019-10-23 06:29:08,2019-08-06 21:39:25,true
558,348390911,חדא אמצש,2019-05-22 01:28:09,2019-01-17 11:58:40,false
559,773195647,חדא אמצש,2019-07-08 23:55:43,2019-02-26 16:10:35,false
560,862341815,חדא אמצש,2020-05-14 22:21:47,2020-03-05 07:53:23,true
561,850760197,חדא אמצש,2019-08-24 09:55:58,2020-02-14 13:31:56,false
562,761193248,תרבות,2018-10-15 10:06:17,2020-01-15 08:55:34,false
563,923032923,תרבות,2018-12-08 08:55:34,2019-04-27 05:37:36,false
564,442240499,שמירה,2019-07-20 04:24:24,2019-12-03 18:28:46,false
565,279292347,חדא אמצש,2019-04-05 20:31:39,2019-08-11 14:44:50,false
566,459367125,תרבות,2018-08-08 21:46:51,2019-05-27 09:34:53,false
567,116114439,תרבות,2018-06-14 07:56:03,2019-06-06 16:06:28,false
568,925676383,תרבות,2018-06-22 09:11:10,2018-12-27 19:19:02,false
569,586160170,שטיפה,2019-02-03 01:01:29,2018-09-04 12:05:32,false
570,968162389,שטיפה,2019-02-14 04:55:51,2020-04-16 06:01:18,false
571,669491606,תרבות,2018-11-28 20:11:06,2019-06-24 16:53:48,false
572,921899757,בישול שבת,2019-08-29 09:18:57,2019-07-21 16:56:51,true
573,966784135,תרבות,2019-04-20 00:38:07,2019-07-04 15:57:39,false
574,030838836,חדא אמצש,2020-02-02 22:23:14,2019-01-29 22:42:39,false
575,798486511,תרבות,2018-11-10 07:36:46,2019-03-30 01:08:39,false
576,453560919,חדא אמצש,2018-12-08 20:56:12,2020-02-15 10:37:07,false
577,317534242,שטיפה,2019-10-27 23:03:41,2019-11-11 15:49:14,true
578,293970060,תרבות,2019-10-27 23:37:59,2018-08-11 06:45:40,false
579,734200807,שמירה,2018-07-09 13:55:42,2019-01-25 03:02:24,false
580,339805031,שמירה,2018-05-28 16:19:07,2020-01-16 11:55:07,false
581,866267493,חדא אמצש,2018-10-29 19:50:05,2019-05-09 15:46:09,false
582,906075728,שטיפה,2020-03-24 14:17:37,2019-06-16 10:47:32,true
583,849506226,תרבות,2018-09-05 06:11:17,2020-01-22 02:03:01,false
584,894037381,חדא אמצש,2018-12-04 09:23:07,2020-02-14 16:56:56,false
585,235775072,חדא אמצש,2019-09-26 07:28:14,2019-06-13 10:50:44,true
586,339805031,שטיפה,2020-02-15 15:57:58,2019-05-29 00:55:52,false
587,028905619,חדא אמצש,2018-12-23 13:16:38,2018-09-08 15:26:44,false
588,990927574,תרבות,2019-05-18 03:35:25,2019-12-22 10:54:17,true
589,831273885,חדא אמצש,2020-02-28 15:05:31,2020-02-19 13:27:55,false
590,560321102,תרבות,2019-12-24 21:26:25,2020-05-06 22:07:01,true
591,466486654,בישול שבת,2018-09-27 19:20:32,2019-01-21 01:39:42,false
592,656002783,שטיפה,2018-06-11 09:09:34,2020-02-14 18:15:17,false
593,311713632,תרבות,2018-07-30 15:57:24,2019-06-13 15:24:00,false
594,337248976,שמירה,2019-02-22 08:36:49,2020-04-29 11:20:27,false
595,940754796,שמירה,2019-06-02 13:42:55,2019-01-22 06:55:24,false
596,521438175,חדא אמצש,2020-02-07 12:23:01,2018-07-14 01:06:40,false
597,055867917,שמירה,2020-05-11 23:45:54,2019-03-05 09:57:22,false
598,066775658,תרבות,2019-12-22 15:39:26,2019-04-10 19:29:33,false
599,833651313,שמירה,2019-02-05 15:32:50,2019-10-25 04:06:22,false
600,611721739,שמירה,2019-04-05 16:43:53,2018-09-04 19:00:52,false
601,122823229,תרבות,2018-05-29 19:28:45,2018-10-15 22:32:00,false
602,317744035,חדא אמצש,2018-07-24 13:42:13,2019-03-14 04:42:28,false
603,146544828,שמירה,2020-04-01 04:52:27,2020-03-25 09:01:15,false
604,066775658,חדא אמצש,2019-03-21 20:17:18,2020-03-31 21:25:10,false
605,125438252,תרבות,2019-07-30 06:50:41,2019-04-03 18:32:21,false
606,339805031,תרבות,2019-03-11 10:15:37,2019-05-07 05:12:39,false
607,328877670,תרבות,2018-07-09 12:53:28,2019-07-03 13:23:36,false
608,876892546,תרבות,2018-07-25 23:59:01,2018-09-13 05:56:55,false
609,885126211,שמירה,2019-04-25 04:44:12,2020-01-23 18:44:54,false
610,842414799,תרבות,2019-10-08 12:35:45,2020-03-02 18:09:03,false
611,550283599,חדא אמצש,2019-03-24 20:52:38,2019-07-17 11:59:36,false
612,326418860,שטיפה,2020-04-03 18:47:26,2019-04-28 11:59:31,false
613,918808779,שטיפה,2019-11-18 17:32:45,2020-02-15 23:04:02,false
614,322768120,תרבות,2020-04-02 14:06:31,2019-02-16 18:11:44,false
615,405866222,שטיפה,2019-03-12 05:56:46,2018-07-22 13:15:35,false
616,667404838,בישול שבת,2019-07-30 09:34:01,2019-06-21 07:10:51,false
617,175504767,שטיפה,2018-12-31 17:22:27,2020-03-12 21:08:29,false
618,721508025,חדא אמצש,2019-08-13 10:08:44,2020-03-01 17:11:43,true
619,642382663,חדא אמצש,2019-03-20 21:53:31,2020-05-09 08:50:01,false
620,243143438,חדא אמצש,2020-04-27 16:57:33,2018-11-30 01:20:08,false
621,443108577,שמירה,2019-09-19 20:02:05,2019-12-10 06:35:43,false
622,418110517,תרבות,2020-02-16 04:16:40,2018-12-17 18:01:49,false
623,920915024,תרבות,2019-09-18 21:44:19,2019-08-02 15:41:12,true
624,784832769,שטיפה,2019-09-01 06:44:51,2019-12-15 14:50:45,true
625,750669412,תרבות,2019-06-24 10:57:25,2019-06-17 07:37:48,false
626,656679288,תרבות,2018-12-14 04:44:58,2018-08-17 09:54:21,false
627,539281983,שמירה,2018-11-25 09:20:33,2019-03-18 03:52:46,false
628,959533775,חדא אמצש,2018-10-18 05:13:22,2018-08-08 10:36:22,false
629,600158113,שמירה,2018-12-18 12:55:21,2019-03-02 13:00:29,false
630,942485691,בישול שבת,2018-12-25 02:07:40,2019-04-17 04:48:50,false
631,678936616,חדא אמצש,2018-09-03 22:23:15,2020-03-15 09:45:06,false
632,163045572,חדא אמצש,2020-02-01 02:45:12,2019-02-14 23:46:49,false
633,867123686,תרבות,2019-04-22 07:53:30,2019-05-22 13:12:40,false
634,049810378,שמירה,2019-03-11 10:04:38,2019-09-06 08:30:16,false
635,489422528,שמירה,2019-02-27 08:07:45,2019-12-07 07:21:34,false
636,161604557,שמירה,2019-10-31 04:13:07,2019-12-07 09:55:01,true
637,961836756,חדא אמצש,2019-06-20 10:49:29,2018-08-09 18:59:18,false
638,444712296,שטיפה,2018-07-02 09:37:05,2020-02-04 14:05:08,false
639,166638529,חדא אמצש,2018-06-27 17:27:05,2019-12-09 16:42:07,false
640,720326814,שמירה,2019-03-03 21:51:57,2019-11-16 11:02:50,false
641,990927574,בקר,2019-09-02 14:15:10,2019-09-21 12:18:41,false
642,148787215,תרבות,2019-09-11 00:00:48,2019-01-15 08:17:48,false
643,851420918,תרבות,2019-04-26 12:49:45,2018-12-30 16:45:08,false
644,264792793,שמירה,2018-11-15 20:29:58,2018-10-11 06:28:34,false
645,543512267,תרבות,2019-05-26 08:30:39,2018-11-21 08:57:11,false
646,028905619,תרבות,2019-05-05 12:33:55,2019-05-28 21:00:55,false
647,565083593,בקר,2018-07-27 06:05:17,2020-02-29 23:18:07,false
648,774350597,שטיפה,2018-06-23 16:54:05,2018-09-03 14:18:14,false
649,588384872,שטיפה,2020-03-03 00:26:09,2020-02-07 18:08:07,false
650,944185913,תרבות,2019-07-14 09:55:07,2018-07-22 10:27:52,false
651,031734064,חדא אמצש,2019-07-11 06:24:47,2018-12-14 13:20:45,false
652,053594577,שטיפה,2018-10-16 16:07:13,2019-04-06 19:35:59,false
653,173427430,תרבות,2019-05-31 01:16:26,2018-09-10 14:45:13,false
654,991561756,שטיפה,2018-11-06 19:03:19,2018-10-13 10:58:37,false
655,015371975,חדא אמצש,2019-01-09 15:09:49,2020-01-30 16:13:55,false
656,017114116,שמירה,2020-03-12 09:58:03,2018-07-21 18:43:25,false
657,446816871,חדא אמצש,2018-06-24 21:44:23,2020-03-12 14:41:59,false
658,672498336,שמירה,2019-06-24 23:14:08,2019-11-28 04:01:11,true
659,269102571,חדא אמצש,2018-09-18 13:25:26,2019-04-07 03:47:01,false
660,510291671,שטיפה,2019-03-05 04:28:54,2018-12-04 02:32:58,false
661,135985058,תרבות,2018-08-16 05:30:44,2019-01-11 08:46:55,false
662,221235943,חדא אמצש,2019-02-18 22:05:02,2020-05-13 11:44:12,false
663,335612899,בישול שבת,2018-07-12 05:40:24,2019-10-30 09:32:26,false
664,782376733,שמירה,2020-02-01 18:13:25,2019-05-04 09:16:28,false
665,337529867,תרבות,2019-04-29 09:53:44,2020-05-07 13:10:40,false
666,166182181,חדא אמצש,2019-10-25 21:19:59,2020-04-01 05:10:29,true
667,263875987,תרבות,2019-03-11 08:04:54,2020-04-10 18:16:57,false
668,440077642,שמירה,2019-06-23 09:20:35,2019-10-10 06:40:00,false
669,005384491,תרבות,2020-03-09 23:45:37,2020-04-18 06:55:05,true
670,689099858,חדא אמצש,2019-08-24 13:43:00,2019-09-12 02:08:20,false
671,770513428,שטיפה,2019-06-02 13:09:36,2019-09-14 17:06:39,true
672,863966014,תרבות,2019-12-10 17:31:31,2019-02-02 06:07:10,false
673,099740374,שטיפה,2020-02-23 08:09:54,2018-05-30 15:55:43,false
674,445304012,תרבות,2018-08-29 16:24:17,2019-08-28 00:08:03,false
675,180429765,חדא אמצש,2019-07-20 09:09:20,2018-07-16 09:47:35,false
676,255573095,תרבות,2019-12-01 21:59:09,2019-05-18 22:32:24,true
677,721918870,שמירה,2019-11-04 11:53:48,2019-05-11 07:05:00,false
678,897000613,שמירה,2019-05-31 20:55:51,2018-07-27 00:31:19,false
679,514701988,חדא אמצש,2019-02-28 06:51:23,2020-01-05 20:55:27,false
680,898191608,חדא אמצש,2019-12-10 23:16:50,2018-11-27 14:09:45,false
681,490493532,שמירה,2018-07-09 16:18:51,2020-01-06 05:22:17,false
682,588180501,חדא אמצש,2020-02-27 23:50:37,2019-12-13 21:15:58,true
683,600699048,שטיפה,2018-09-07 20:02:02,2018-08-20 21:03:35,false
684,800308426,חדא אמצש,2019-05-29 04:41:56,2018-12-07 13:51:29,false
685,446816871,שמירה,2020-03-12 20:08:39,2019-07-28 15:23:34,false
686,092445625,שמירה,2018-12-09 17:41:49,2019-06-01 03:09:25,false
687,761193248,שטיפה,2018-07-20 05:04:37,2018-08-24 17:15:01,false
688,143978604,שטיפה,2019-03-15 09:12:44,2018-07-01 14:21:38,false
689,472647051,שמירה,2019-03-31 09:00:00,2019-02-24 10:35:01,false
690,612055548,חדא אמצש,2018-05-24 01:59:00,2020-02-19 13:48:29,false
691,968595682,תרבות,2019-06-03 19:42:40,2019-08-14 07:37:30,false
692,015371975,תרבות,2019-08-09 02:56:58,2019-12-26 03:59:36,false
693,265879557,תרבות,2018-12-10 01:57:06,2020-01-16 01:44:12,false
694,461377403,תרבות,2019-10-05 21:06:41,2019-06-13 12:13:31,true
695,241213430,בקר,2019-11-12 09:28:57,2018-12-30 02:35:39,false
696,255198104,שטיפה,2018-09-30 22:46:46,2018-11-29 10:40:59,false
697,655802590,שטיפה,2020-02-07 11:56:11,2020-02-14 16:20:27,false
698,012981051,תרבות,2019-03-14 01:12:19,2019-10-05 04:15:02,false
699,608465178,שטיפה,2018-06-16 02:43:21,2018-11-12 22:43:47,false
700,009181190,חדא אמצש,2018-09-27 09:50:38,2020-04-23 12:34:14,false
701,789147633,שמירה,2019-06-27 10:07:05,2018-06-16 14:51:20,false
702,452677408,שמירה,2018-10-23 21:35:57,2019-07-13 10:29:56,false
703,921899757,שטיפה,2018-10-22 20:29:36,2019-05-03 05:07:34,false
704,308024282,תרבות,2019-02-10 05:47:11,2019-03-07 21:11:31,false
705,810828693,תרבות,2019-06-25 04:20:52,2020-02-07 18:49:40,false
706,180017380,תרבות,2019-09-23 15:01:38,2020-04-17 00:08:22,true
707,287167677,שמירה,2020-01-30 17:24:42,2020-02-04 09:28:31,true
708,710906231,שמירה,2018-11-15 16:40:36,2018-09-21 20:06:54,false
709,099893469,בישול שבת,2020-02-09 21:26:31,2019-12-06 23:24:33,false
710,991561756,בישול שבת,2019-02-12 09:39:10,2019-09-01 08:39:29,false
711,943776328,שטיפה,2019-11-28 05:05:32,2018-12-01 18:00:30,false
712,418110517,שטיפה,2020-04-26 04:40:57,2019-04-25 06:14:32,false
713,797515777,שטיפה,2019-03-29 13:55:27,2018-09-26 23:12:02,false
714,705570488,חדא אמצש,2019-02-09 21:34:12,2018-12-09 13:55:17,false
715,625430991,תרבות,2019-08-01 22:57:09,2019-09-28 18:03:12,true
716,453560919,תרבות,2018-07-08 06:27:36,2019-01-18 19:16:42,false
717,982922623,חדא אמצש,2019-09-06 19:41:12,2018-12-17 08:32:41,false
718,689084425,שטיפה,2019-05-01 18:36:47,2018-08-02 04:04:52,false
719,306045192,תרבות,2019-02-14 07:37:38,2019-11-06 06:29:32,false
720,144600433,שמירה,2019-07-28 02:54:40,2019-09-02 02:33:08,true
721,293970060,חדא אמצש,2019-11-30 13:49:04,2018-08-17 01:10:25,false
722,640991861,תרבות,2020-04-24 16:41:07,2018-11-21 05:23:35,false
723,009805535,תרבות,2020-02-05 21:24:52,2020-03-28 13:12:48,true
724,959533775,תרבות,2020-01-16 08:05:03,2019-08-07 11:21:23,false
725,002675952,שטיפה,2019-10-11 20:25:09,2018-07-03 17:53:45,false
726,781457704,שמירה,2019-01-12 04:36:05,2019-04-17 03:12:38,false
727,787813054,שטיפה,2018-09-14 04:45:27,2018-06-10 03:28:59,false
728,430351417,תרבות,2018-07-28 18:56:00,2019-10-27 16:06:11,false
729,039523069,חדא אמצש,2019-06-29 14:15:38,2018-08-17 08:09:14,false
730,934024513,חדא אמצש,2019-05-08 05:05:25,2018-11-06 06:13:12,false
731,585209142,בקר,2019-05-13 20:34:39,2019-02-16 14:54:21,false
732,816846683,שטיפה,2019-03-23 19:22:39,2019-07-25 20:06:15,false
733,809664205,חדא אמצש,2019-03-15 00:21:43,2018-11-21 00:08:39,false
734,458016762,שטיפה,2019-03-04 06:19:47,2019-08-25 02:27:08,false
735,394761269,תרבות,2019-07-22 10:33:23,2020-01-08 18:33:03,true
736,657101496,חדא אמצש,2019-09-18 07:40:04,2019-01-15 12:51:15,false
737,061409220,חדא אמצש,2019-08-15 12:03:44,2019-04-17 23:42:25,false
738,049426216,תרבות,2019-12-08 10:46:58,2019-10-25 02:28:29,true
739,351368627,בקר,2020-04-11 11:10:20,2018-10-12 04:36:06,false
740,648449677,שטיפה,2018-10-29 13:18:20,2019-10-26 02:32:48,false
741,913383534,שמירה,2018-12-11 05:06:19,2020-01-29 17:01:34,false
742,211127786,תרבות,2018-07-24 02:27:47,2019-10-07 23:52:17,false
743,982922623,תרבות,2020-01-20 04:49:42,2018-08-22 21:14:01,false
744,978793897,שטיפה,2020-04-13 10:17:53,2019-01-20 06:09:00,false
745,452805559,שמירה,2020-03-07 19:33:29,2019-03-13 11:56:59,false
746,358907060,בקר,2018-08-07 20:27:19,2018-12-06 04:34:59,false
747,807951773,שטיפה,2019-03-03 05:47:28,2020-04-04 13:02:57,false
748,655802590,שמירה,2018-06-04 06:34:34,2019-07-10 11:26:41,false
749,017752028,שמירה,2019-07-12 06:19:18,2019-07-20 07:24:39,false
750,877526289,שמירה,2018-09-29 07:28:15,2018-11-06 10:25:20,false
751,787813054,חדא אמצש,2019-10-09 19:46:56,2019-04-12 04:46:39,false
752,679410047,תרבות,2020-01-30 00:25:23,2019-05-18 22:52:55,true
753,557849312,שטיפה,2019-02-21 13:12:56,2019-05-27 00:32:00,false
754,144256871,שטיפה,2019-05-02 08:28:59,2020-02-22 04:54:40,false
755,276448742,חדא אמצש,2019-07-10 09:56:55,2019-02-03 22:52:19,false
756,129382077,שטיפה,2019-05-19 16:37:42,2020-01-28 19:42:28,true
757,768225392,תרבות,2019-03-18 00:57:04,2019-05-11 22:12:01,false
758,061713539,בקר,2019-02-20 14:56:26,2018-05-31 18:41:33,false
759,952484274,תרבות,2019-11-15 16:15:58,2018-09-22 19:54:54,false
760,047891708,שמירה,2018-07-02 04:21:57,2018-11-13 03:45:12,false
761,510454169,שמירה,2019-09-04 21:17:21,2019-04-11 09:34:56,false
762,241213430,שטיפה,2019-10-20 01:07:53,2020-02-19 00:51:28,false
763,350652952,שטיפה,2020-01-05 02:49:12,2018-09-29 10:29:58,false
764,247956263,חדא אמצש,2018-08-24 11:53:08,2020-05-14 12:56:35,false
765,838230603,שטיפה,2020-05-05 03:10:52,2020-01-28 07:00:04,false
766,730217592,בישול שבת,2018-07-31 20:20:06,2018-06-04 03:42:39,false
767,199430601,שמירה,2020-04-16 17:11:44,2020-02-10 00:54:29,false
768,982922623,שטיפה,2018-11-11 11:42:09,2019-01-25 18:20:35,false
769,291438832,תרבות,2019-06-15 15:45:01,2019-02-25 16:42:52,false
770,022825031,שטיפה,2020-04-16 12:08:33,2019-07-28 18:36:11,false
771,600699048,תרבות,2020-02-03 00:43:33,2019-02-05 04:00:47,false
772,229971094,בקר,2019-10-03 21:24:03,2019-10-04 05:51:23,false
773,950106383,חדא אמצש,2019-03-25 19:37:45,2019-01-17 03:03:16,false
774,143327192,שמירה,2019-11-18 06:36:26,2019-09-03 17:39:37,true
775,873224266,שטיפה,2019-11-17 01:35:10,2020-04-04 14:12:30,true
776,255198104,חדא אמצש,2018-12-18 16:47:08,2019-03-23 19:26:46,false
777,675122839,בקר,2018-08-28 06:57:13,2019-10-15 03:03:27,false
778,066263609,תרבות,2019-11-12 02:19:55,2019-07-15 13:47:33,false
779,333543019,חדא אמצש,2020-02-18 21:45:14,2019-11-28 21:13:14,true
780,269102571,שמירה,2019-07-19 07:23:55,2019-06-27 08:35:37,false
781,075717905,שטיפה,2019-09-29 11:28:40,2019-12-18 14:22:38,false
782,983895757,שמירה,2020-04-16 23:05:01,2019-11-06 17:40:19,true
783,527851563,תרבות,2020-02-02 22:01:18,2018-09-06 04:17:03,false
784,921285947,תרבות,2019-06-24 19:04:47,2019-02-11 18:21:49,false
785,882651719,חדא אמצש,2019-06-22 05:19:17,2019-06-09 15:00:44,true
786,135985058,שמירה,2018-12-14 00:00:54,2019-05-27 01:10:41,false
787,789632070,שמירה,2019-08-31 11:51:58,2018-09-02 16:04:05,false
788,053594577,תרבות,2019-12-24 12:28:24,2019-02-10 10:53:57,false
789,422345289,חדא אמצש,2019-09-10 14:06:59,2019-11-29 22:13:33,false
790,489675695,תרבות,2019-02-01 03:08:55,2019-07-09 23:02:05,false
791,861927188,תרבות,2018-11-21 21:40:20,2019-08-24 21:19:29,false
792,383549759,שטיפה,2020-03-08 03:36:43,2020-01-10 09:22:19,true
793,002675952,חדא אמצש,2018-12-16 22:26:06,2019-06-01 19:53:18,false
794,869253164,חדא אמצש,2019-07-25 01:54:14,2019-08-16 18:13:55,true
795,073372950,חדא אמצש,2018-10-09 17:36:21,2019-01-31 01:26:25,false
796,705570488,תרבות,2018-10-11 17:04:06,2019-05-28 11:59:24,false
797,848402531,תרבות,2018-06-19 20:29:04,2018-12-08 11:11:31,false
798,180429765,שטיפה,2020-04-21 01:31:54,2019-05-10 21:39:48,false
799,720326814,שטיפה,2020-01-17 16:57:04,2018-09-05 18:33:48,false
800,520670674,שמירה,2018-10-16 16:11:58,2019-01-29 12:39:21,false
801,724568381,תרבות,2019-09-01 16:09:19,2019-05-06 06:38:07,false
802,281912123,שמירה,2019-09-05 19:55:29,2018-11-15 05:04:01,false
803,514453573,חדא אמצש,2020-04-12 01:28:26,2019-02-01 02:55:25,false
804,415386573,תרבות,2018-10-20 20:15:20,2019-04-23 01:46:36,false
805,721055717,שמירה,2019-12-17 23:35:28,2020-02-05 07:24:30,false
806,187612268,שמירה,2020-03-25 06:40:59,2018-09-22 05:43:57,false
807,201720951,שטיפה,2018-11-29 13:15:08,2019-12-15 20:50:17,false
808,551593733,חדא אמצש,2019-01-24 14:29:57,2019-06-11 13:40:26,false
809,584103598,חדא אמצש,2019-07-01 19:05:25,2018-05-19 03:16:47,false
810,169657594,חדא אמצש,2020-02-10 21:40:45,2019-10-23 15:14:32,true
811,242360598,חדא אמצש,2018-06-17 21:14:46,2019-09-20 19:54:38,false
812,863966014,חדא אמצש,2019-12-26 08:25:12,2019-11-21 05:03:27,false
813,463884564,שטיפה,2019-02-20 01:12:14,2019-02-26 00:54:39,false
814,333543019,שטיפה,2019-10-10 23:50:00,2018-11-12 02:12:22,false
815,856413207,שטיפה,2020-04-03 22:33:18,2019-03-05 11:41:36,false
816,261837029,שטיפה,2018-06-27 10:45:39,2019-02-21 15:10:15,false
817,392733362,שמירה,2019-12-20 06:02:46,2019-08-18 04:33:43,false
818,727186286,חדא אמצש,2018-11-22 16:17:52,2019-08-21 17:19:25,false
819,564722225,תרבות,2018-07-02 07:55:31,2019-09-17 09:55:37,false
820,295250257,שטיפה,2019-04-06 01:09:04,2018-10-07 21:39:52,false
821,311713632,שטיפה,2019-07-07 20:37:11,2019-01-13 07:19:18,false
822,824722032,חדא אמצש,2018-06-29 13:30:35,2018-06-21 07:22:40,false
823,317173284,תרבות,2018-10-04 17:03:47,2019-05-03 09:59:17,false
824,358907060,תרבות,2019-11-23 07:31:03,2019-03-05 09:36:44,false
825,308024282,שטיפה,2018-10-01 05:30:18,2020-02-05 22:26:33,false
826,583314118,חדא אמצש,2020-04-22 11:38:47,2019-04-28 09:11:06,false
827,408212324,חדא אמצש,2019-03-21 21:00:02,2019-11-16 03:32:03,false
828,825553521,שמירה,2019-07-27 02:15:40,2019-02-25 07:08:23,false
829,249635664,תרבות,2018-09-12 21:27:10,2019-08-22 18:35:00,false
830,731064331,חדא אמצש,2019-10-06 16:55:26,2018-11-15 04:02:23,false
831,472647051,חדא אמצש,2020-03-03 19:08:03,2018-11-20 02:44:51,false
832,617845920,שטיפה,2020-03-07 18:15:12,2019-01-11 15:51:49,false
833,271429431,חדא אמצש,2018-08-18 12:40:47,2018-10-20 08:56:29,false
834,782988313,תרבות,2019-01-19 21:24:42,2018-11-21 03:28:05,false
835,625430991,חדא אמצש,2020-03-24 16:16:27,2020-01-14 13:10:45,false
836,906382543,תרבות,2019-02-04 02:56:29,2019-03-05 12:48:52,false
837,667716327,תרבות,2019-04-17 22:25:53,2020-01-10 14:17:03,false
838,925676383,שטיפה,2019-01-05 23:37:16,2019-08-23 22:32:01,false
839,626225718,שטיפה,2020-03-13 17:52:15,2019-05-13 03:51:15,false
840,932145216,תרבות,2019-04-21 21:06:25,2019-05-28 16:10:13,false
841,508967170,תרבות,2019-12-26 21:43:40,2019-07-02 08:36:07,true
842,299481825,חדא אמצש,2019-04-14 12:21:08,2020-01-11 08:01:39,false
843,055867917,תרבות,2018-10-24 14:04:35,2020-03-23 23:38:38,false
844,518443215,חדא אמצש,2018-11-24 00:51:27,2019-11-11 22:18:26,false
845,604985292,תרבות,2019-07-21 08:43:23,2018-12-31 01:03:32,false
846,049810378,תרבות,2019-06-15 03:48:00,2019-09-17 04:46:51,false
847,724568381,חדא אמצש,2019-08-12 21:45:47,2020-02-16 18:56:42,false
848,315671863,תרבות,2019-12-12 03:38:41,2019-03-07 17:51:41,false
849,654074593,חדא אמצש,2020-01-21 09:07:57,2018-08-16 02:59:46,false
850,728202745,שטיפה,2020-04-05 03:19:45,2020-04-10 02:08:46,true
851,082532921,שטיפה,2019-03-27 08:15:08,2018-06-27 02:41:08,false
852,560321102,שטיפה,2018-11-04 03:31:00,2018-12-16 04:41:44,false
853,011947902,בישול שבת,2019-03-15 22:10:11,2018-07-30 18:19:44,false
854,518443215,תרבות,2018-05-20 06:17:18,2018-09-03 17:27:57,false
855,466822615,שטיפה,2019-01-04 14:26:54,2019-08-23 23:04:46,false
856,032943552,שטיפה,2019-02-19 07:32:22,2020-04-09 05:44:53,false
857,789147633,חדא אמצש,2019-04-18 14:28:04,2018-10-15 21:16:48,false
858,645705210,תרבות,2018-07-29 04:24:55,2020-02-28 22:11:13,false
859,201720951,חדא אמצש,2019-06-27 01:11:46,2019-02-16 10:40:53,false
860,767592302,בישול שבת,2018-10-03 13:31:26,2018-05-24 06:47:06,false
861,752508693,חדא אמצש,2020-04-27 01:04:30,2020-03-21 17:38:15,true
862,317744035,תרבות,2019-02-13 01:31:44,2019-04-19 07:17:26,false
863,276448742,תרבות,2019-10-08 07:55:27,2020-02-15 23:59:11,true
864,393791727,שטיפה,2019-01-27 10:52:55,2019-04-21 04:13:08,false
865,996961281,שמירה,2020-03-07 05:41:16,2019-06-23 11:12:38,true
866,985364823,חדא אמצש,2020-02-20 19:30:26,2018-12-21 17:41:45,false
867,265071918,שמירה,2019-04-21 15:40:16,2020-03-19 03:44:15,false
868,382814545,שמירה,2020-01-07 07:39:43,2020-04-26 09:14:51,true
869,185891412,בישול שבת,2019-07-20 06:26:42,2019-07-06 06:59:11,false
870,280843691,שטיפה,2019-05-01 10:49:14,2020-03-08 16:20:36,false
871,361490605,שטיפה,2018-06-23 21:58:13,2018-08-10 10:23:59,false
872,600699048,שמירה,2018-05-19 15:00:22,2019-07-10 19:16:52,false
873,358040553,שטיפה,2020-03-05 13:41:38,2018-10-08 17:59:55,false
874,762340889,תרבות,2018-06-19 09:39:59,2019-05-14 08:40:47,false
875,503333193,חדא אמצש,2019-04-15 16:24:01,2019-06-03 21:05:59,false
876,884065511,חדא אמצש,2018-05-20 10:51:11,2019-03-05 05:14:59,false
877,811132286,שמירה,2018-05-20 18:58:37,2019-06-14 07:36:37,false
878,370949773,שמירה,2018-12-08 08:02:58,2019-01-11 06:32:48,false
879,784832769,תרבות,2019-05-03 00:40:32,2019-11-05 07:26:26,false
880,338076575,חדא אמצש,2018-07-10 08:22:51,2018-08-19 05:37:59,false
881,770057641,שמירה,2018-12-11 04:25:48,2020-02-25 03:09:05,false
882,289828810,שמירה,2018-07-07 13:53:07,2019-10-24 20:29:57,false
883,383861881,חדא אמצש,2018-12-20 15:11:25,2019-10-31 07:36:13,false
884,770496987,חדא אמצש,2020-04-08 11:27:42,2018-10-10 12:21:33,false
885,205848263,שמירה,2020-02-27 21:48:01,2019-03-31 23:30:59,false
886,525837449,תרבות,2019-09-01 06:22:27,2019-06-07 18:19:21,false
887,780520191,שטיפה,2019-03-03 20:28:13,2019-07-09 11:18:30,false
888,430351417,שטיפה,2018-06-29 18:53:36,2018-08-10 05:12:02,false
889,013538751,חדא אמצש,2018-09-08 14:07:01,2018-07-24 13:03:45,false
890,383880472,שטיפה,2018-10-22 16:05:45,2018-10-01 06:50:07,false
891,528822171,חדא אמצש,2018-10-18 17:03:24,2020-05-04 20:23:31,false
892,200065857,תרבות,2019-08-17 05:49:34,2019-04-26 03:42:54,false
893,561933550,שמירה,2020-01-09 10:51:19,2019-10-31 19:38:38,false
894,235775072,תרבות,2019-05-17 09:41:30,2020-01-20 18:41:46,false
895,453497051,תרבות,2018-11-30 14:28:35,2020-03-23 14:25:42,false
896,600699048,חדא אמצש,2019-03-21 08:34:19,2019-03-11 15:29:09,false
897,807617134,חדא אמצש,2018-10-21 13:28:49,2018-08-09 23:23:40,false
898,459367125,שמירה,2020-03-28 14:29:20,2020-04-06 16:41:56,false
899,104869328,שמירה,2019-01-21 21:07:06,2018-11-22 23:21:01,false
900,039523069,תרבות,2020-04-19 03:26:54,2019-07-23 04:38:22,true
901,325040953,שמירה,2018-08-26 06:24:21,2018-08-26 11:53:38,false
902,463984617,שטיפה,2018-11-02 06:53:13,2020-02-11 01:01:00,false
903,600385201,שמירה,2019-09-16 11:20:57,2018-08-08 18:57:59,false
904,511527999,חדא אמצש,2019-07-20 10:10:43,2019-05-06 22:30:48,false
905,438985746,חדא אמצש,2018-11-18 21:54:59,2020-01-19 15:14:42,false
906,365772324,חדא אמצש,2019-04-08 17:01:39,2019-03-23 18:28:14,false
907,991561756,שמירה,2019-07-13 15:58:30,2018-10-26 22:05:51,false
908,804629917,תרבות,2019-03-20 17:19:29,2019-05-18 00:52:49,false
909,074040626,חדא אמצש,2019-02-17 17:44:44,2018-06-10 12:12:19,false
910,200065857,בישול שבת,2018-05-20 21:49:02,2019-07-22 22:33:20,false
911,560176995,שמירה,2018-09-27 18:48:17,2020-01-23 13:15:46,false
912,339805031,חדא אמצש,2019-11-29 19:34:39,2019-10-07 17:57:15,false
913,702624878,שמירה,2020-04-17 13:36:49,2020-04-02 06:44:04,false
914,281912123,חדא אמצש,2018-08-26 23:56:52,2019-07-21 23:55:48,false
915,252545859,תרבות,2020-05-02 14:02:38,2020-04-09 09:18:28,true
916,421942009,תרבות,2018-06-30 19:21:33,2019-04-22 03:33:09,false
917,900261801,שטיפה,2019-06-28 23:44:19,2019-01-02 11:02:07,false
918,377340982,חדא אמצש,2020-03-12 07:21:41,2019-03-17 09:37:41,false
919,231268851,חדא אמצש,2019-07-14 00:00:57,2018-08-04 07:35:39,false
920,863966014,שטיפה,2018-11-09 13:01:24,2018-07-15 09:15:21,false
921,229971094,חדא אמצש,2018-12-22 23:44:39,2020-02-23 00:04:55,false
922,600385201,שטיפה,2018-06-08 11:26:48,2018-08-28 13:11:06,false
923,635310198,תרבות,2018-10-25 17:37:20,2020-04-27 19:22:35,false
924,774350597,בקר,2018-12-09 02:25:09,2018-12-04 20:54:28,false
925,240390677,בישול שבת,2018-06-15 02:24:22,2018-10-06 03:15:16,false
926,002070472,בישול שבת,2018-12-28 11:23:20,2019-03-02 13:28:30,false
927,477660204,חדא אמצש,2019-07-26 01:49:46,2019-07-22 10:15:09,false
928,215922586,שטיפה,2019-11-16 14:43:59,2019-05-13 13:56:08,false
929,087458946,חדא אמצש,2020-01-19 10:04:13,2020-02-02 01:34:44,true
930,999809245,תרבות,2018-05-30 20:37:05,2019-02-04 00:00:05,false
931,611721739,חדא אמצש,2020-04-16 02:58:53,2018-12-04 11:17:01,false
932,326031543,שמירה,2019-02-03 05:10:51,2019-12-12 21:33:37,false
933,786639294,שטיפה,2019-05-17 18:03:04,2020-01-22 12:25:51,false
934,896433155,תרבות,2018-07-30 09:48:18,2019-02-11 06:00:48,false
935,845902065,שטיפה,2018-07-06 09:14:58,2019-09-24 18:35:10,false
936,221242652,תרבות,2019-01-07 19:45:50,2019-12-13 09:50:57,false
937,435786324,חדא אמצש,2018-08-20 21:09:08,2019-05-17 05:07:31,false
938,403255844,שמירה,2020-04-03 08:40:57,2018-12-15 12:30:34,false
939,935485554,בישול שבת,2018-10-21 01:36:57,2019-01-15 12:09:16,false
940,733017154,חדא אמצש,2020-03-20 17:40:44,2019-05-14 11:44:43,false
941,018161780,תרבות,2019-09-22 10:28:19,2018-06-16 00:37:41,false
942,500655545,תרבות,2019-12-09 15:34:20,2019-12-29 14:50:10,true
943,829003854,חדא אמצש,2019-02-14 03:59:15,2018-06-12 01:21:08,false
944,541487641,בקר,2020-05-02 12:06:37,2019-11-17 09:25:56,true
945,565772044,תרבות,2019-05-25 19:11:32,2018-07-04 20:45:32,false
946,240390677,בקר,2019-11-25 23:05:10,2019-11-19 23:22:56,true
947,497245534,חדא אמצש,2020-05-13 21:57:47,2019-03-30 21:04:09,false
948,848402531,חדא אמצש,2018-12-21 18:42:50,2019-11-11 04:46:52,false
949,187612268,תרבות,2019-07-20 01:43:45,2020-03-28 11:19:20,false
950,062351869,חדא אמצש,2019-09-04 21:58:30,2019-07-11 11:01:05,false
951,240390677,חדא אמצש,2018-09-07 20:26:14,2020-02-15 20:35:57,false
952,337529867,חדא אמצש,2019-04-01 17:47:42,2019-08-29 14:17:35,false
953,397499061,בישול שבת,2019-01-19 17:50:15,2020-03-25 09:10:36,false
954,898191608,שטיפה,2020-01-29 00:50:41,2019-09-12 19:02:00,false
955,657101496,שטיפה,2020-02-28 19:12:04,2018-10-07 21:23:53,false
956,597754353,שטיפה,2020-01-16 09:23:31,2019-07-08 20:30:24,false
957,062395479,שמירה,2019-05-12 20:33:15,2019-11-20 23:23:09,false
958,966042854,חדא אמצש,2019-05-09 06:30:17,2020-04-19 13:26:31,false
959,281741752,תרבות,2019-05-11 13:41:23,2019-08-01 04:04:23,false
960,561933550,שטיפה,2018-12-23 02:52:40,2020-01-10 23:00:41,false
961,611721739,בישול שבת,2019-07-28 21:00:28,2019-01-29 17:47:33,false
962,885731447,חדא אמצש,2020-02-20 10:36:04,2019-03-12 05:31:34,false
963,185891412,חדא אמצש,2020-05-06 14:39:20,2019-09-12 05:43:53,false
964,943555442,שמירה,2019-06-09 09:03:52,2020-03-02 01:46:44,false
965,702645412,שטיפה,2020-05-08 07:06:48,2019-03-05 08:36:19,false
966,231885469,חדא אמצש,2018-11-07 13:40:56,2019-02-08 23:45:19,false
967,934444007,חדא אמצש,2019-11-14 03:11:57,2020-04-17 15:34:50,false
968,427671993,שטיפה,2018-06-06 08:42:25,2019-07-29 07:35:26,false
969,543709257,שטיפה,2018-05-17 21:04:01,2018-07-16 05:04:32,false
970,873224266,תרבות,2018-11-05 23:49:49,2019-02-07 08:08:18,false
971,328670390,חדא אמצש,2019-08-10 14:51:16,2019-03-27 08:19:41,false
972,525837449,שטיפה,2019-11-28 03:19:59,2019-06-08 05:32:13,true
973,277894686,שטיפה,2020-02-08 00:11:38,2018-10-15 17:44:49,false
974,642466894,שמירה,2020-02-09 01:19:32,2019-11-28 17:39:02,false
975,326031543,תרבות,2019-02-06 18:04:05,2019-08-27 01:31:32,false
976,082000655,תרבות,2019-11-09 08:17:36,2019-06-13 07:59:24,true
977,031734064,שטיפה,2018-09-01 13:52:39,2019-05-31 21:17:32,false
978,799114607,חדא אמצש,2019-10-29 08:12:46,2018-07-08 10:33:55,false
979,133047101,שטיפה,2018-11-01 05:40:00,2019-01-11 16:57:42,false
980,990690836,חדא אמצש,2019-06-05 05:47:33,2020-01-29 22:33:41,false
981,259780194,שמירה,2018-06-12 04:53:12,2018-10-30 08:59:11,false
982,226601535,שטיפה,2019-08-16 05:06:51,2018-12-11 15:10:59,false
983,884065511,שמירה,2020-03-02 15:14:39,2019-07-26 00:23:31,false
984,922733899,בישול שבת,2018-09-12 01:14:22,2019-06-14 12:58:26,false
985,555725487,תרבות,2018-09-08 20:30:27,2019-06-15 12:15:36,false
986,943555442,תרבות,2018-11-08 20:13:07,2019-09-04 09:31:03,false
987,656087802,חדא אמצש,2018-08-24 16:57:37,2018-06-08 23:56:47,false
988,474505687,חדא אמצש,2019-09-18 04:52:54,2018-11-01 05:07:01,false
989,326501808,שטיפה,2019-05-08 00:59:41,2018-07-20 21:55:38,false
990,278129156,שמירה,2019-12-31 19:11:00,2020-04-12 00:04:47,false
991,364111822,שמירה,2019-07-02 21:00:56,2019-04-30 01:17:35,false
992,801892732,תרבות,2019-06-12 05:38:44,2019-10-14 21:19:11,true
993,143327192,חדא אמצש,2020-04-12 12:17:25,2019-09-09 12:55:58,true
994,239607516,שמירה,2019-10-24 07:41:25,2018-11-24 03:20:28,false
995,337248976,חדא אמצש,2018-08-12 15:52:40,2018-05-23 23:14:25,false
996,626225718,חדא אמצש,2020-01-07 23:42:44,2018-10-20 02:20:19,false
997,444712296,תרבות,2018-10-13 10:19:22,2018-09-17 07:50:18,false
998,849506226,שמירה,2020-02-21 20:04:08,2020-03-25 20:40:01,false
999,373031318,שמירה,2019-05-15 06:58:28,2019-03-26 02:26:47,false
1000,842414799,חדא אמצש,2019-05-20 06:41:27,2019-08-03 06:30:10,false
