userId,eventType,eventId
265020582,Announcements,1
431601280,Announcements,2
748164906,Announcements,3
377340982,Announcements,4
221799355,Announcements,5
983148773,Announcements,6
471046851,Announcements,7
667404838,Announcements,8
418471257,Announcements,9
884065511,Announcements,10
869253164,Announcements,11
923032923,Announcements,12
719070962,Announcements,13
762427956,Announcements,14
789147633,Announcements,15
315826201,Announcements,16
940754796,Announcements,17
689084425,Announcements,18
278702509,Announcements,19
265020582,Announcements,20
890969724,Announcements,21
720449741,Announcements,22
508967170,Announcements,23
961836756,Announcements,24
187612268,Announcements,25
841922502,Announcements,26
505318184,Announcements,27
601108303,Announcements,28
616314141,Announcements,29
617845920,Announcements,30
431992650,Announcements,31
169657594,Announcements,32
866267493,Announcements,33
941758540,Announcements,34
243699951,Announcements,35
941758540,Announcements,36
231268851,Announcements,37
439415245,Announcements,38
791085507,Announcements,39
966784135,Announcements,40
146544828,Announcements,41
373364168,Announcements,42
645061095,Announcements,43
842414799,Announcements,44
811132286,Announcements,45
505792466,Announcements,46
347983092,Announcements,47
681735219,Announcements,48
490638973,Announcements,49
394715868,Announcements,50
626125772,Announcements,51
585209142,Announcements,52
440095447,Announcements,53
949773409,Announcements,54
129382077,Announcements,55
117402902,Announcements,56
120109825,Announcements,57
572553098,Announcements,58
508823430,Announcements,59
934444007,Announcements,60
831799272,Announcements,61
255198104,Announcements,62
353856698,Announcements,63
183750138,Announcements,64
748164906,Announcements,65
211127786,Announcements,66
317534242,Announcements,67
403790958,Announcements,68
440077642,Announcements,69
503333193,Announcements,70
095793764,Announcements,71
740872313,Announcements,72
596771164,Announcements,73
791085507,Announcements,74
376213835,Announcements,75
973966161,Announcements,76
008194197,Announcements,77
984407939,Announcements,78
830295646,Announcements,79
408212324,Announcements,80
585935374,Announcements,81
042362945,Announcements,82
057915835,Announcements,83
122823229,Announcements,84
009805535,Announcements,85
497245534,Announcements,86
900261801,Announcements,87
978793897,Announcements,88
328426466,Announcements,89
473653499,Announcements,90
971925565,Announcements,91
860676126,Announcements,92
281570894,Announcements,93
588180501,Announcements,94
444543787,Announcements,95
166182181,Announcements,96
544359761,Announcements,97
072165440,Announcements,98
042362945,Announcements,99
952425516,Announcements,100
672498336,Announcements,101
527851563,Announcements,102
752158129,Announcements,103
339805031,Announcements,104
201737043,Announcements,105
411114746,Announcements,106
166638529,Announcements,107
985364823,Announcements,108
100229800,Announcements,109
906715266,Announcements,110
103747374,Announcements,111
750669412,Announcements,112
668291889,Announcements,113
402968085,Announcements,114
333832610,Announcements,115
550140752,Announcements,116
466486654,Announcements,117
798486511,Announcements,118
000824216,Announcements,119
564722225,Announcements,120
033012701,Announcements,121
786639294,Announcements,122
941758540,Announcements,123
524235995,Announcements,124
020106829,Announcements,125
293614497,Announcements,126
173275665,Announcements,127
015371975,Announcements,128
921263865,Announcements,129
794508129,Announcements,130
485344529,Announcements,131
952484274,Announcements,132
736476867,Announcements,133
971925565,Announcements,134
740872313,Announcements,135
782988313,Announcements,136
739046914,Announcements,137
421942009,Announcements,138
223814989,Announcements,139
774350597,Announcements,140
311406006,Announcements,141
033012701,Announcements,142
443808602,Announcements,143
848402531,Announcements,144
661170061,Announcements,145
971059546,Announcements,146
388351501,Announcements,147
940313678,Announcements,148
443808602,Announcements,149
322768120,Announcements,150
600385201,Announcements,151
262788041,Announcements,152
973966161,Announcements,153
350652952,Announcements,154
949570089,Announcements,155
992089248,Announcements,156
127040567,Announcements,157
562735726,Announcements,158
311713632,Announcements,159
864699724,Announcements,160
392733362,Announcements,161
221242652,Announcements,162
127040567,Announcements,163
396197742,Announcements,164
394715868,Announcements,165
661170061,Announcements,166
816846683,Announcements,167
388351501,Announcements,168
851420918,Announcements,169
335141342,Announcements,170
418110517,Announcements,171
982922623,Announcements,172
311406006,Announcements,173
645705210,Announcements,174
894594679,Announcements,175
866318517,Announcements,176
193778651,Announcements,177
866318517,Announcements,178
223814989,Announcements,179
560176995,Announcements,180
957538494,Announcements,181
981198949,Announcements,182
473682313,Announcements,183
884787114,Announcements,184
884065511,Announcements,185
547623982,Announcements,186
101761140,Announcements,187
002070472,Announcements,188
240390677,Announcements,189
423866375,Announcements,190
727186286,Announcements,191
000425698,Announcements,192
201950118,Announcements,193
483022715,Announcements,194
601108303,Announcements,195
415386573,Announcements,196
576713925,Announcements,197
720326814,Announcements,198
997674091,Announcements,199
864699724,Announcements,200
825094235,Announcements,201
621775433,Announcements,202
146544828,Announcements,203
215628366,Announcements,204
951329068,Announcements,205
681215623,Announcements,206
176498699,Announcements,207
687802825,Announcements,208
969915907,Announcements,209
265071918,Announcements,210
710906231,Announcements,211
869476022,Announcements,212
102328800,Announcements,213
392310933,Announcements,214
845643291,Announcements,215
135985058,Announcements,216
932000843,Announcements,217
811132286,Announcements,218
526681663,Announcements,219
348390911,Announcements,220
104869328,Announcements,221
391593954,Announcements,222
087458946,Announcements,223
247956263,Announcements,224
642158767,Announcements,225
376213835,Announcements,226
897000613,Announcements,227
278129156,Announcements,228
322768120,Announcements,229
991392499,Announcements,230
537409968,Announcements,231
442240499,Announcements,232
240389979,Announcements,233
055867917,Announcements,234
957285362,Announcements,235
849506226,Announcements,236
110597906,Announcements,237
657101496,Announcements,238
365772324,Announcements,239
860676126,Announcements,240
130526707,Announcements,241
418732687,Announcements,242
537409968,Announcements,243
628893174,Announcements,244
609366509,Announcements,245
327225997,Announcements,246
039523069,Announcements,247
383567236,Announcements,248
866267493,Announcements,249
135985058,Announcements,250
358040553,Announcements,251
636934052,Announcements,252
327225997,Announcements,253
505318184,Announcements,254
182620984,Announcements,255
601108303,Announcements,256
730217592,Announcements,257
458016762,Announcements,258
436291288,Announcements,259
863983022,Announcements,260
802232059,Announcements,261
640443176,Announcements,262
915997193,Announcements,263
204873899,Announcements,264
082000655,Announcements,265
247956263,Announcements,266
961836756,Announcements,267
966784135,Announcements,268
428275780,Announcements,269
092376513,Announcements,270
850302164,Announcements,271
831799272,Announcements,272
490493532,Announcements,273
733017154,Announcements,274
493121602,Announcements,275
887004501,Announcements,276
061713539,Announcements,277
711565843,Announcements,278
583314118,Announcements,279
009181190,Announcements,280
170125504,Announcements,281
842038097,Announcements,282
934024513,Announcements,283
883412370,Announcements,284
175504767,Announcements,285
222071328,Announcements,286
839240340,Announcements,287
745072215,Announcements,288
597790271,Announcements,289
431992650,Announcements,290
652847645,Announcements,291
973966161,Announcements,292
811132286,Announcements,293
686396464,Announcements,294
299523749,Announcements,295
311472499,Announcements,296
317534242,Announcements,297
269102571,Announcements,298
981198949,Announcements,299
215922586,Announcements,300
287756751,Announcements,301
896433155,Announcements,302
414963672,Announcements,303
008194197,Announcements,304
005384491,Announcements,305
121806052,Announcements,306
337618098,Announcements,307
151173459,Announcements,308
600244101,Announcements,309
456815142,Announcements,310
422345289,Announcements,311
419271646,Announcements,312
831273885,Announcements,313
425516336,Announcements,314
215520373,Announcements,315
801892732,Announcements,316
428811114,Announcements,317
209853116,Announcements,318
756621592,Announcements,319
355129085,Announcements,320
616020145,Announcements,321
661170061,Announcements,322
689084425,Announcements,323
194536467,Announcements,324
588180501,Announcements,325
640443176,Announcements,326
584132402,Announcements,327
601108303,Announcements,328
310950424,Announcements,329
299481825,Announcements,330
358907060,Announcements,331
186815365,Announcements,332
018760464,Announcements,333
505318184,Announcements,334
944185913,Announcements,335
539415861,Announcements,336
262788041,Announcements,337
325622412,Announcements,338
934024513,Announcements,339
062395479,Announcements,340
860676126,Announcements,341
120109825,Announcements,342
252545859,Announcements,343
055867917,Announcements,344
255198104,Announcements,345
975003349,Announcements,346
381833875,Announcements,347
103202140,Announcements,348
518613643,Announcements,349
489422528,Announcements,350
373389465,Announcements,351
719070962,Announcements,352
442637314,Announcements,353
580624494,Announcements,354
303017057,Announcements,355
596771164,Announcements,356
918808779,Announcements,357
439074790,Announcements,358
087458946,Announcements,359
863966014,Announcements,360
940754796,Announcements,361
638601093,Announcements,362
885731447,Announcements,363
818639491,Announcements,364
061180845,Announcements,365
481511257,Announcements,366
906075728,Announcements,367
789632070,Announcements,368
724473105,Announcements,369
058188662,Announcements,370
380540777,Announcements,371
151173459,Announcements,372
850302164,Announcements,373
040910850,Announcements,374
871052623,Announcements,375
957538494,Announcements,376
936664468,Announcements,377
176498699,Announcements,378
864699724,Announcements,379
341301511,Announcements,380
952484274,Announcements,381
328877670,Announcements,382
231122457,Announcements,383
402968085,Announcements,384
385877364,Announcements,385
178210899,Announcements,386
890969724,Announcements,387
871964309,Announcements,388
260454043,Announcements,389
122379561,Announcements,390
537409968,Announcements,391
795376926,Announcements,392
211127786,Announcements,393
024897126,Announcements,394
839240340,Announcements,395
762340889,Announcements,396
708668747,Announcements,397
241059610,Announcements,398
104869328,Announcements,399
741290749,Announcements,400
650304743,Announcements,401
996961281,Announcements,402
891476972,Announcements,403
862910564,Announcements,404
560176995,Announcements,405
485344529,Announcements,406
940975054,Announcements,407
818471689,Announcements,408
956744264,Announcements,409
705570488,Announcements,410
422771209,Announcements,411
831799272,Announcements,412
543709257,Announcements,413
049810378,Announcements,414
445092317,Announcements,415
466822615,Announcements,416
505318184,Announcements,417
560176995,Announcements,418
092376513,Announcements,419
127040567,Announcements,420
423866375,Announcements,421
635310198,Announcements,422
301155166,Announcements,423
896433155,Announcements,424
011947902,Announcements,425
264792793,Announcements,426
818471689,Announcements,427
180017380,Announcements,428
418732687,Announcements,429
029677308,Announcements,430
885126211,Announcements,431
446132969,Announcements,432
474505687,Announcements,433
458016762,Announcements,434
991392499,Announcements,435
689084425,Announcements,436
280017077,Announcements,437
762427956,Announcements,438
652445512,Announcements,439
253261382,Announcements,440
702624878,Announcements,441
956368438,Announcements,442
569922001,Announcements,443
420927123,Announcements,444
263518166,Announcements,445
894594679,Announcements,446
204873899,Announcements,447
477660204,Announcements,448
394761269,Announcements,449
002675952,Announcements,450
545825500,Announcements,451
724568381,Announcements,452
640991861,Announcements,453
020106829,Announcements,454
588180501,Announcements,455
801892732,Announcements,456
940313678,Announcements,457
934444007,Announcements,458
602760199,Announcements,459
890969724,Announcements,460
514448179,Announcements,461
863966014,Announcements,462
103747374,Announcements,463
540596484,Announcements,464
261837029,Announcements,465
675122839,Announcements,466
526681663,Announcements,467
110597906,Announcements,468
760924784,Announcements,469
278702509,Announcements,470
445092317,Announcements,471
951329068,Announcements,472
527851563,Announcements,473
605356455,Announcements,474
156016295,Announcements,475
151368594,Announcements,476
472647051,Announcements,477
099893469,Announcements,478
347983092,Announcements,479
335141342,Announcements,480
605356455,Announcements,481
053824737,Announcements,482
710906231,Announcements,483
486821956,Announcements,484
397499061,Announcements,485
002675952,Announcements,486
738423186,Announcements,487
784832769,Announcements,488
001496588,Announcements,489
253513340,Announcements,490
320664765,Announcements,491
013637605,Announcements,492
382814545,Announcements,493
680643246,Announcements,494
388351501,Announcements,495
024897126,Announcements,496
033161739,Announcements,497
271635459,Announcements,498
885731447,Announcements,499
033012701,Announcements,500
756621592,Announcements,501
388351501,Announcements,502
061180845,Announcements,503
883412370,Announcements,504
768225392,Announcements,505
850224962,Announcements,506
072165440,Announcements,507
122379561,Announcements,508
142257709,Announcements,509
966042854,Announcements,510
704023361,Announcements,511
022825031,Announcements,512
706567925,Announcements,513
906715266,Announcements,514
376213835,Announcements,515
020106829,Announcements,516
808252449,Announcements,517
164387830,Announcements,518
073372950,Announcements,519
934444007,Announcements,520
605184746,Announcements,521
505318184,Announcements,522
605356455,Announcements,523
781457704,Announcements,524
122823229,Announcements,525
314110804,Announcements,526
485344529,Announcements,527
262788041,Announcements,528
611721739,Announcements,529
251359195,Announcements,530
752508693,Announcements,531
098986393,Announcements,532
201950118,Announcements,533
605356455,Announcements,534
982922623,Announcements,535
496956186,Announcements,536
954602138,Announcements,537
971739178,Announcements,538
831799272,Announcements,539
186815365,Announcements,540
710906231,Announcements,541
721055717,Announcements,542
949570089,Announcements,543
394715868,Announcements,544
373364168,Announcements,545
675627347,Announcements,546
616314141,Announcements,547
689099858,Announcements,548
616349689,Announcements,549
564223498,Announcements,550
328426466,Announcements,551
489675695,Announcements,552
496956186,Announcements,553
584132402,Announcements,554
532051752,Announcements,555
293479313,Announcements,556
092445625,Announcements,557
555198868,Announcements,558
062395479,Announcements,559
357444520,Announcements,560
037752878,Announcements,561
652445512,Announcements,562
431601280,Announcements,563
281570894,Announcements,564
013538751,Announcements,565
072165440,Announcements,566
221235943,Announcements,567
862761099,Announcements,568
600158113,Announcements,569
687039556,Announcements,570
081399454,Announcements,571
180429765,Announcements,572
756621592,Announcements,573
147601732,Announcements,574
204873899,Announcements,575
419271646,Announcements,576
128658643,Announcements,577
807861735,Announcements,578
505792466,Announcements,579
873224266,Announcements,580
550283599,Announcements,581
087406880,Announcements,582
446816871,Announcements,583
231885469,Announcements,584
327225997,Announcements,585
770265700,Announcements,586
033161739,Announcements,587
129382077,Announcements,588
485174915,Announcements,589
271429431,Announcements,590
469723554,Announcements,591
377340982,Announcements,592
219247738,Announcements,593
608465178,Announcements,594
221799355,Announcements,595
264810214,Announcements,596
890469554,Announcements,597
489675695,Announcements,598
153607146,Announcements,599
269210025,Announcements,600
894594679,Announcements,601
969915907,Announcements,602
952484274,Announcements,603
024897126,Announcements,604
941527001,Announcements,605
608266886,Announcements,606
959533775,Announcements,607
733017154,Announcements,608
280017077,Announcements,609
186815365,Announcements,610
635310198,Announcements,611
860676126,Announcements,612
660323467,Announcements,613
863787339,Announcements,614
862910564,Announcements,615
745072215,Announcements,616
576713925,Announcements,617
580624494,Announcements,618
949786219,Announcements,619
943776328,Announcements,620
032943552,Announcements,621
711565843,Announcements,622
898191608,Announcements,623
383978366,Announcements,624
200065857,Announcements,625
211127786,Announcements,626
752158129,Announcements,627
418110517,Announcements,628
049810378,Announcements,629
528822171,Announcements,630
789147633,Announcements,631
092376513,Announcements,632
439415245,Announcements,633
443808602,Announcements,634
403255844,Announcements,635
768225392,Announcements,636
362433871,Announcements,637
850224962,Announcements,638
752508693,Announcements,639
017114116,Announcements,640
201950118,Announcements,641
263518166,Announcements,642
770265700,Announcements,643
719146633,Announcements,644
786587078,Announcements,645
024874402,Announcements,646
117319741,Announcements,647
305771879,Announcements,648
116114439,Announcements,649
560176995,Announcements,650
981198949,Announcements,651
635743075,Announcements,652
302611058,Announcements,653
095431962,Announcements,654
971925565,Announcements,655
391593954,Announcements,656
969915907,Announcements,657
078900325,Announcements,658
383861881,Announcements,659
028905619,Announcements,660
569922001,Announcements,661
471046851,Announcements,662
652847645,Announcements,663
597754353,Announcements,664
516169863,Announcements,665
970991586,Announcements,666
116114439,Announcements,667
810828693,Announcements,668
719070962,Announcements,669
446132969,Announcements,670
049810378,Announcements,671
996961281,Announcements,672
469723554,Announcements,673
459367125,Announcements,674
386674212,Announcements,675
851420918,Announcements,676
022825031,Announcements,677
062351869,Announcements,678
981198949,Announcements,679
597060428,Announcements,680
626225718,Announcements,681
882651719,Announcements,682
385816548,Announcements,683
570314882,Announcements,684
523736071,Announcements,685
144600433,Announcements,686
611371999,Announcements,687
960766683,Announcements,688
611721739,Announcements,689
867123686,Announcements,690
804629917,Announcements,691
872622494,Announcements,692
842038097,Announcements,693
564722225,Announcements,694
380540777,Announcements,695
626392700,Announcements,696
015371975,Announcements,697
996961281,Announcements,698
685289270,Announcements,699
022825031,Announcements,700
959533775,Announcements,701
061180845,Announcements,702
229081334,Announcements,703
082000655,Announcements,704
742256481,Announcements,705
555198868,Announcements,706
681215623,Announcements,707
719070962,Announcements,708
058188662,Announcements,709
129382077,Announcements,710
459367125,Announcements,711
770532085,Announcements,712
278129156,Announcements,713
047616626,Announcements,714
636934052,Announcements,715
992272162,Announcements,716
639833472,Announcements,717
768225392,Announcements,718
170125504,Announcements,719
560243495,Announcements,720
862341815,Announcements,721
913383534,Announcements,722
130526707,Announcements,723
170125504,Announcements,724
894037381,Announcements,725
662107323,Announcements,726
539281983,Announcements,727
758372460,Announcements,728
708668747,Announcements,729
209853116,Announcements,730
473682313,Announcements,731
423203338,Announcements,732
739582297,Announcements,733
524235995,Announcements,734
977542963,Announcements,735
045221707,Announcements,736
487691880,Announcements,737
867244889,Announcements,738
768225392,Announcements,739
247883123,Announcements,740
009181190,Announcements,741
766019688,Announcements,742
605356455,Announcements,743
442240499,Announcements,744
816690757,Announcements,745
133047101,Announcements,746
520670674,Announcements,747
885126211,Announcements,748
906075728,Announcements,749
182620984,Announcements,750
142257709,Announcements,751
731064331,Announcements,752
440077642,Announcements,753
358907060,Announcements,754
440077642,Announcements,755
265879557,Announcements,756
681215623,Announcements,757
383861881,Announcements,758
018760464,Announcements,759
017114116,Announcements,760
107448715,Announcements,761
335612899,Announcements,762
110597906,Announcements,763
318805881,Announcements,764
020106829,Announcements,765
985913207,Announcements,766
719070962,Announcements,767
894037381,Announcements,768
259780194,Announcements,769
279292347,Announcements,770
983148773,Announcements,771
734445293,Announcements,772
318805881,Announcements,773
357444520,Announcements,774
263819407,Announcements,775
350652952,Announcements,776
117402902,Announcements,777
095527021,Announcements,778
247956263,Announcements,779
345844602,Announcements,780
453560919,Announcements,781
204873899,Announcements,782
564223498,Announcements,783
597060428,Announcements,784
000824216,Announcements,785
921899757,Announcements,786
351368627,Announcements,787
686396464,Announcements,788
605184746,Announcements,789
061713539,Announcements,790
380540777,Announcements,791
662107323,Announcements,792
609366509,Announcements,793
888194135,Announcements,794
376475185,Announcements,795
940754796,Announcements,796
299523749,Announcements,797
358116332,Announcements,798
551593733,Announcements,799
295250257,Announcements,800
550283599,Announcements,801
347983092,Announcements,802
358040553,Announcements,803
960766683,Announcements,804
194536467,Announcements,805
231122457,Announcements,806
992089248,Announcements,807
807861735,Announcements,808
284856317,Announcements,809
495158079,Announcements,810
162631453,Announcements,811
626125772,Announcements,812
719379389,Announcements,813
061713539,Announcements,814
525391059,Announcements,815
047891708,Announcements,816
640991861,Announcements,817
209019351,Announcements,818
002070472,Announcements,819
573645414,Announcements,820
702624878,Announcements,821
923032923,Announcements,822
100335463,Announcements,823
115962946,Announcements,824
555198868,Announcements,825
808252449,Announcements,826
537409968,Announcements,827
672719556,Announcements,828
765888198,Announcements,829
525837449,Announcements,830
866267493,Announcements,831
255573095,Announcements,832
392310933,Announcements,833
440095447,Announcements,834
932000843,Announcements,835
397499061,Announcements,836
276448742,Announcements,837
151368594,Announcements,838
411114746,Announcements,839
949773409,Announcements,840
802174985,Announcements,841
496956186,Announcements,842
500221046,Announcements,843
801892732,Announcements,844
933079674,Announcements,845
103747374,Announcements,846
294866175,Announcements,847
540596484,Announcements,848
219104989,Announcements,849
807951773,Announcements,850
317534242,Announcements,851
211127786,Announcements,852
706567925,Announcements,853
986275815,Announcements,854
761193248,Announcements,855
033161739,Announcements,856
866318517,Announcements,857
012981051,Announcements,858
687500122,Announcements,859
754100540,Announcements,860
980783596,Announcements,861
014005065,Announcements,862
314110804,Announcements,863
406660923,Announcements,864
406660923,Announcements,865
241213430,Announcements,866
082000655,Announcements,867
211127786,Announcements,868
061180845,Announcements,869
807617134,Announcements,870
543512267,Announcements,871
443808602,Announcements,872
739582297,Announcements,873
116789418,Announcements,874
972350803,Announcements,875
992272162,Announcements,876
943555442,Announcements,877
075717905,Announcements,878
626225718,Announcements,879
761193248,Announcements,880
392310933,Announcements,881
016505530,Announcements,882
890969724,Announcements,883
811432956,Announcements,884
639833472,Announcements,885
260511870,Announcements,886
855524902,Announcements,887
932000843,Announcements,888
659736044,Announcements,889
328877670,Announcements,890
719379389,Announcements,891
081728433,Announcements,892
018161780,Announcements,893
797515777,Announcements,894
022825031,Announcements,895
678936616,Announcements,896
514448179,Announcements,897
179779530,Announcements,898
551215316,Announcements,899
247956263,Announcements,900
466486654,Announcements,901
720449741,Announcements,902
652445512,Announcements,903
710906231,Announcements,904
225106556,Announcements,905
672719556,Announcements,906
260454043,Announcements,907
121806052,Announcements,908
241213430,Announcements,909
505110252,Announcements,910
434167499,Announcements,911
311406006,Announcements,912
654664525,Announcements,913
033161739,Announcements,914
828537513,Announcements,915
231885469,Announcements,916
039523069,Announcements,917
648449677,Announcements,918
486821956,Announcements,919
341301511,Announcements,920
719379389,Announcements,921
520670674,Announcements,922
918808779,Announcements,923
419271646,Announcements,924
825094235,Announcements,925
281912123,Announcements,926
661170061,Announcements,927
442240499,Announcements,928
317744035,Announcements,929
710906231,Announcements,930
827804966,Announcements,931
412542576,Announcements,932
673008391,Announcements,933
784832769,Announcements,934
943776328,Announcements,935
221799355,Announcements,936
418110517,Announcements,937
597779205,Announcements,938
786587078,Announcements,939
828537513,Announcements,940
510313897,Announcements,941
328670390,Announcements,942
728202745,Announcements,943
830295646,Announcements,944
236792183,Announcements,945
062351869,Announcements,946
862910564,Announcements,947
104869328,Announcements,948
585935374,Announcements,949
143327192,Announcements,950
170125504,Announcements,951
385735637,Announcements,952
428811114,Announcements,953
863003871,Announcements,954
002675952,Announcements,955
564722225,Announcements,956
731064331,Announcements,957
317173284,Announcements,958
047616626,Announcements,959
428811114,Announcements,960
125438252,Announcements,961
666106654,Announcements,962
648449677,Announcements,963
107448715,Announcements,964
565083593,Announcements,965
970991586,Announcements,966
066775658,Announcements,967
073372950,Announcements,968
523736071,Announcements,969
645705210,Announcements,970
543709257,Announcements,971
483022715,Announcements,972
570964392,Announcements,973
178210899,Announcements,974
968728845,Announcements,975
708668747,Announcements,976
815818301,Announcements,977
727186286,Announcements,978
201737043,Announcements,979
052957237,Announcements,980
264810214,Announcements,981
034998466,Announcements,982
473653499,Announcements,983
980783596,Announcements,984
058188662,Announcements,985
866318517,Announcements,986
418732687,Announcements,987
439074790,Announcements,988
862341815,Announcements,989
017114116,Announcements,990
562735726,Announcements,991
328877670,Announcements,992
423866375,Announcements,993
161604557,Announcements,994
957285362,Announcements,995
311472499,Announcements,996
543512267,Announcements,997
652416559,Announcements,998
394761269,Announcements,999
092376513,Announcements,1000
559358149,Chores,1
040910850,Chores,2
600244101,Chores,3
391593954,Chores,4
314110804,Chores,5
807951773,Chores,6
201950118,Chores,7
752158129,Chores,8
081399454,Chores,9
294866175,Chores,10
617845920,Chores,11
867244889,Chores,12
440095447,Chores,13
119885572,Chores,14
328670390,Chores,15
020686959,Chores,16
209853116,Chores,17
407793113,Chores,18
281904207,Chores,19
871301848,Chores,20
770265700,Chores,21
417446645,Chores,22
535879197,Chores,23
565772044,Chores,24
588180501,Chores,25
818821746,Chores,26
887004501,Chores,27
621775433,Chores,28
381833875,Chores,29
495158079,Chores,30
315826201,Chores,31
611721739,Chores,32
500655545,Chores,33
675122839,Chores,34
074040626,Chores,35
171253035,Chores,36
239607516,Chores,37
166638529,Chores,38
811132286,Chores,39
267008970,Chores,40
327225997,Chores,41
516169863,Chores,42
196756353,Chores,43
689099858,Chores,44
466486654,Chores,45
532051752,Chores,46
835983747,Chores,47
532860668,Chores,48
959533775,Chores,49
293479313,Chores,50
135985058,Chores,51
095431962,Chores,52
260454043,Chores,53
335141342,Chores,54
049426216,Chores,55
034998466,Chores,56
418732687,Chores,57
334073776,Chores,58
100335463,Chores,59
033161739,Chores,60
116789418,Chores,61
053824737,Chores,62
991561756,Chores,63
253513340,Chores,64
719286014,Chores,65
263875987,Chores,66
120109825,Chores,67
255896305,Chores,68
033161739,Chores,69
678936616,Chores,70
026950396,Chores,71
406660923,Chores,72
229971094,Chores,73
660323467,Chores,74
668529305,Chores,75
990690836,Chores,76
385877364,Chores,77
446816871,Chores,78
561933550,Chores,79
738423186,Chores,80
116789418,Chores,81
719146633,Chores,82
798486511,Chores,83
984638008,Chores,84
681856736,Chores,85
496718901,Chores,86
495158079,Chores,87
816690757,Chores,88
373389465,Chores,89
786639294,Chores,90
280017077,Chores,91
583314118,Chores,92
505792466,Chores,93
525837449,Chores,94
505110252,Chores,95
524235995,Chores,96
144256871,Chores,97
796126918,Chores,98
866318517,Chores,99
385735637,Chores,100
136677787,Chores,101
341301511,Chores,102
932759915,Chores,103
037752878,Chores,104
341658906,Chores,105
388351501,Chores,106
253513340,Chores,107
053594577,Chores,108
459367125,Chores,109
830295646,Chores,110
452805559,Chores,111
897000613,Chores,112
209853116,Chores,113
732501707,Chores,114
209019351,Chores,115
851899360,Chores,116
466486654,Chores,117
122379561,Chores,118
072165440,Chores,119
388351501,Chores,120
402968085,Chores,121
144600433,Chores,122
525837449,Chores,123
510313897,Chores,124
845643291,Chores,125
811432956,Chores,126
271635459,Chores,127
915997193,Chores,128
543709257,Chores,129
353856698,Chores,130
652445512,Chores,131
621225533,Chores,132
625430991,Chores,133
687802825,Chores,134
159169179,Chores,135
804629917,Chores,136
704023361,Chores,137
851899360,Chores,138
980783596,Chores,139
525837449,Chores,140
028905619,Chores,141
249635664,Chores,142
463984617,Chores,143
586160170,Chores,144
267008970,Chores,145
104869328,Chores,146
073372950,Chores,147
540596484,Chores,148
971739178,Chores,149
550283599,Chores,150
927362083,Chores,151
353856698,Chores,152
681107173,Chores,153
551215316,Chores,154
401263684,Chores,155
428811114,Chores,156
906174156,Chores,157
293614497,Chores,158
810828693,Chores,159
597779205,Chores,160
215922586,Chores,161
037752878,Chores,162
689099858,Chores,163
412542576,Chores,164
315826201,Chores,165
386674212,Chores,166
485344529,Chores,167
532051752,Chores,168
601108303,Chores,169
474505687,Chores,170
986275815,Chores,171
952425516,Chores,172
720326814,Chores,173
687039556,Chores,174
811132286,Chores,175
463984617,Chores,176
403790958,Chores,177
463984617,Chores,178
605064573,Chores,179
711565843,Chores,180
287167677,Chores,181
320664765,Chores,182
265020582,Chores,183
000824216,Chores,184
466486654,Chores,185
320664765,Chores,186
338076575,Chores,187
551662926,Chores,188
185891412,Chores,189
225106556,Chores,190
572508408,Chores,191
996961281,Chores,192
995483389,Chores,193
281741752,Chores,194
648449677,Chores,195
466822615,Chores,196
991392499,Chores,197
087458946,Chores,198
639833472,Chores,199
255198104,Chores,200
677776137,Chores,201
471046851,Chores,202
896433155,Chores,203
489675695,Chores,204
279292347,Chores,205
464406990,Chores,206
009423753,Chores,207
022825031,Chores,208
927362083,Chores,209
500221046,Chores,210
066775658,Chores,211
182620984,Chores,212
804629917,Chores,213
802232059,Chores,214
327225997,Chores,215
689099858,Chores,216
656002783,Chores,217
950106383,Chores,218
438516472,Chores,219
791085507,Chores,220
385877364,Chores,221
740872313,Chores,222
102328800,Chores,223
956744264,Chores,224
445245558,Chores,225
563111540,Chores,226
828606034,Chores,227
957285362,Chores,228
968595682,Chores,229
471568025,Chores,230
178210899,Chores,231
269210025,Chores,232
143978604,Chores,233
180429765,Chores,234
062395479,Chores,235
824722032,Chores,236
856413207,Chores,237
549963652,Chores,238
992089248,Chores,239
505318184,Chores,240
025497965,Chores,241
855524902,Chores,242
425307349,Chores,243
176498699,Chores,244
054281829,Chores,245
927362083,Chores,246
758372460,Chores,247
418732687,Chores,248
873224266,Chores,249
521438175,Chores,250
100335463,Chores,251
107896757,Chores,252
136677787,Chores,253
301155166,Chores,254
314110804,Chores,255
952425516,Chores,256
058454827,Chores,257
333832610,Chores,258
608266886,Chores,259
261837029,Chores,260
621775433,Chores,261
745072215,Chores,262
719286014,Chores,263
020686959,Chores,264
033012701,Chores,265
564722225,Chores,266
163376063,Chores,267
856413207,Chores,268
611721739,Chores,269
882651719,Chores,270
799114607,Chores,271
640991861,Chores,272
061713539,Chores,273
657210162,Chores,274
752508693,Chores,275
975003349,Chores,276
662107323,Chores,277
364111822,Chores,278
000824216,Chores,279
260511870,Chores,280
317744035,Chores,281
521438175,Chores,282
486821956,Chores,283
095527021,Chores,284
303017057,Chores,285
317534242,Chores,286
350652952,Chores,287
407427465,Chores,288
689084425,Chores,289
015371975,Chores,290
656002783,Chores,291
104869328,Chores,292
061713539,Chores,293
000425698,Chores,294
949773409,Chores,295
845902065,Chores,296
169657594,Chores,297
600158113,Chores,298
326501808,Chores,299
033012701,Chores,300
006308332,Chores,301
474505687,Chores,302
577934418,Chores,303
017114116,Chores,304
000425698,Chores,305
278702509,Chores,306
985913207,Chores,307
869476022,Chores,308
916665231,Chores,309
927362083,Chores,310
918808779,Chores,311
328877670,Chores,312
062395479,Chores,313
334073776,Chores,314
861927188,Chores,315
215922586,Chores,316
856685608,Chores,317
906075728,Chores,318
215628366,Chores,319
642382663,Chores,320
362433871,Chores,321
650789863,Chores,322
925676383,Chores,323
459367125,Chores,324
396197742,Chores,325
278129156,Chores,326
473322396,Chores,327
310950424,Chores,328
720326814,Chores,329
221799355,Chores,330
540596484,Chores,331
863003871,Chores,332
072165440,Chores,333
496956186,Chores,334
087406880,Chores,335
385877364,Chores,336
616020145,Chores,337
686396464,Chores,338
797515777,Chores,339
704023361,Chores,340
941527001,Chores,341
667404838,Chores,342
166638529,Chores,343
281912123,Chores,344
860676126,Chores,345
572508408,Chores,346
583314118,Chores,347
490638973,Chores,348
626125772,Chores,349
600244101,Chores,350
144600433,Chores,351
604985292,Chores,352
151173459,Chores,353
695780763,Chores,354
440077642,Chores,355
162631453,Chores,356
370949773,Chores,357
997674091,Chores,358
092376513,Chores,359
280424426,Chores,360
229081334,Chores,361
796126918,Chores,362
255605535,Chores,363
481511257,Chores,364
291438832,Chores,365
824722032,Chores,366
302611058,Chores,367
299523749,Chores,368
314110804,Chores,369
626225718,Chores,370
565083593,Chores,371
856685608,Chores,372
436759840,Chores,373
514453573,Chores,374
664006767,Chores,375
973966161,Chores,376
263819407,Chores,377
918808779,Chores,378
608465178,Chores,379
866318517,Chores,380
563111540,Chores,381
824722032,Chores,382
500655545,Chores,383
203895641,Chores,384
719146633,Chores,385
099893469,Chores,386
652416559,Chores,387
616314141,Chores,388
013538751,Chores,389
949773409,Chores,390
997674091,Chores,391
299523749,Chores,392
017114116,Chores,393
659736044,Chores,394
956368438,Chores,395
643943449,Chores,396
186495626,Chores,397
936664468,Chores,398
600244101,Chores,399
551215316,Chores,400
162631453,Chores,401
666106654,Chores,402
545825500,Chores,403
818415171,Chores,404
956744264,Chores,405
807617134,Chores,406
828537513,Chores,407
525391059,Chores,408
453560919,Chores,409
439074790,Chores,410
810828693,Chores,411
842414799,Chores,412
171588976,Chores,413
095527021,Chores,414
871964309,Chores,415
780520191,Chores,416
062351869,Chores,417
315826201,Chores,418
628893174,Chores,419
407793113,Chores,420
143978604,Chores,421
187206917,Chores,422
781218030,Chores,423
016505530,Chores,424
117319741,Chores,425
773195647,Chores,426
514453573,Chores,427
702624878,Chores,428
689099858,Chores,429
862910564,Chores,430
365772324,Chores,431
468254910,Chores,432
845643291,Chores,433
687039556,Chores,434
295250257,Chores,435
253513340,Chores,436
956368438,Chores,437
866318517,Chores,438
758372460,Chores,439
944185913,Chores,440
863787339,Chores,441
738608252,Chores,442
970991586,Chores,443
706617815,Chores,444
264792793,Chores,445
932000843,Chores,446
664006767,Chores,447
473322396,Chores,448
317005946,Chores,449
073372950,Chores,450
808252449,Chores,451
009805535,Chores,452
563111540,Chores,453
541487641,Chores,454
906715266,Chores,455
178210899,Chores,456
110597906,Chores,457
029677308,Chores,458
887004501,Chores,459
103202140,Chores,460
951329068,Chores,461
442637314,Chores,462
434167499,Chores,463
728202745,Chores,464
689084425,Chores,465
762340889,Chores,466
510291671,Chores,467
295250257,Chores,468
361017902,Chores,469
011947902,Chores,470
721508025,Chores,471
936664468,Chores,472
745072215,Chores,473
222071328,Chores,474
932145216,Chores,475
075717905,Chores,476
742256481,Chores,477
328877670,Chores,478
800308426,Chores,479
317005946,Chores,480
621775433,Chores,481
317534242,Chores,482
662107323,Chores,483
383861881,Chores,484
043084101,Chores,485
098986393,Chores,486
281912123,Chores,487
255605535,Chores,488
328426466,Chores,489
569922001,Chores,490
116114439,Chores,491
804629917,Chores,492
495158079,Chores,493
135834109,Chores,494
355129085,Chores,495
667404838,Chores,496
650789863,Chores,497
675122839,Chores,498
153607146,Chores,499
383549759,Chores,500
311406006,Chores,501
804790549,Chores,502
185891412,Chores,503
968595682,Chores,504
588180501,Chores,505
072165440,Chores,506
166638529,Chores,507
383978366,Chores,508
605184746,Chores,509
269102571,Chores,510
915997193,Chores,511
854922505,Chores,512
535879197,Chores,513
117319741,Chores,514
442637314,Chores,515
791085507,Chores,516
100335463,Chores,517
330781628,Chores,518
894594679,Chores,519
418471257,Chores,520
201950118,Chores,521
058188662,Chores,522
169413945,Chores,523
765888198,Chores,524
760924784,Chores,525
823487662,Chores,526
125438252,Chores,527
756621592,Chores,528
661663175,Chores,529
351368627,Chores,530
996961281,Chores,531
291876771,Chores,532
590552161,Chores,533
933079674,Chores,534
586023274,Chores,535
752508693,Chores,536
255896305,Chores,537
264792793,Chores,538
895147661,Chores,539
045221707,Chores,540
992089248,Chores,541
401973792,Chores,542
864699724,Chores,543
639833472,Chores,544
944185913,Chores,545
490638973,Chores,546
326501808,Chores,547
532051752,Chores,548
266509197,Chores,549
884065511,Chores,550
605064573,Chores,551
808252449,Chores,552
595215287,Chores,553
016066027,Chores,554
121806052,Chores,555
863983022,Chores,556
659177074,Chores,557
294866175,Chores,558
423203338,Chores,559
443945705,Chores,560
540596484,Chores,561
984407939,Chores,562
831799272,Chores,563
669491606,Chores,564
144256871,Chores,565
640443176,Chores,566
561933550,Chores,567
738423186,Chores,568
640991861,Chores,569
364111822,Chores,570
385816548,Chores,571
668291889,Chores,572
493121602,Chores,573
551593733,Chores,574
702645412,Chores,575
885731447,Chores,576
418110517,Chores,577
099893469,Chores,578
940754796,Chores,579
293614497,Chores,580
034873982,Chores,581
001496588,Chores,582
573645414,Chores,583
337618098,Chores,584
833651313,Chores,585
058454827,Chores,586
748164906,Chores,587
560243495,Chores,588
119110866,Chores,589
431601280,Chores,590
770496987,Chores,591
868226320,Chores,592
461377403,Chores,593
064380420,Chores,594
850745206,Chores,595
247883123,Chores,596
837235000,Chores,597
383861881,Chores,598
528291503,Chores,599
127128517,Chores,600
420927123,Chores,601
786587078,Chores,602
523736071,Chores,603
215520373,Chores,604
871052623,Chores,605
439074790,Chores,606
620383703,Chores,607
156016295,Chores,608
127040567,Chores,609
727186286,Chores,610
151368594,Chores,611
381128097,Chores,612
428275780,Chores,613
711565843,Chores,614
266509197,Chores,615
629699704,Chores,616
074040626,Chores,617
211127786,Chores,618
419271646,Chores,619
144600433,Chores,620
788547703,Chores,621
510291671,Chores,622
547623982,Chores,623
383861881,Chores,624
385735637,Chores,625
816690757,Chores,626
350652952,Chores,627
949773409,Chores,628
338076575,Chores,629
115962946,Chores,630
073372950,Chores,631
317744035,Chores,632
241213430,Chores,633
045221707,Chores,634
438985746,Chores,635
968595682,Chores,636
317005946,Chores,637
443808602,Chores,638
672719556,Chores,639
791228935,Chores,640
279292347,Chores,641
164598040,Chores,642
293970060,Chores,643
601725450,Chores,644
394761269,Chores,645
271635459,Chores,646
411114746,Chores,647
702624878,Chores,648
393791727,Chores,649
431601280,Chores,650
562735726,Chores,651
144600433,Chores,652
296817094,Chores,653
583314118,Chores,654
996961281,Chores,655
921899757,Chores,656
171253035,Chores,657
782988313,Chores,658
952425516,Chores,659
058454827,Chores,660
033161739,Chores,661
807666918,Chores,662
338076575,Chores,663
780520191,Chores,664
918808779,Chores,665
719146633,Chores,666
148787215,Chores,667
677075183,Chores,668
898191608,Chores,669
724473105,Chores,670
235775072,Chores,671
215922586,Chores,672
869476022,Chores,673
760924784,Chores,674
430351417,Chores,675
078900325,Chores,676
180429765,Chores,677
710906231,Chores,678
243143438,Chores,679
560321102,Chores,680
985913207,Chores,681
648208506,Chores,682
087458946,Chores,683
521438175,Chores,684
405866222,Chores,685
638601093,Chores,686
532051752,Chores,687
468665062,Chores,688
276448742,Chores,689
918808779,Chores,690
383549759,Chores,691
452805559,Chores,692
629699704,Chores,693
887004501,Chores,694
810828693,Chores,695
421942009,Chores,696
411114746,Chores,697
261554990,Chores,698
225106556,Chores,699
547623982,Chores,700
880071413,Chores,701
226601535,Chores,702
521438175,Chores,703
645705210,Chores,704
401712205,Chores,705
625430991,Chores,706
255573095,Chores,707
333543019,Chores,708
074040626,Chores,709
611371999,Chores,710
970991586,Chores,711
333543019,Chores,712
440077642,Chores,713
968162389,Chores,714
730217592,Chores,715
672498336,Chores,716
231268851,Chores,717
428275780,Chores,718
996961281,Chores,719
171253035,Chores,720
054281829,Chores,721
267008970,Chores,722
281904207,Chores,723
803115617,Chores,724
921899757,Chores,725
406660923,Chores,726
601108303,Chores,727
648449677,Chores,728
611721739,Chores,729
564223498,Chores,730
423866375,Chores,731
430351417,Chores,732
337618098,Chores,733
314110804,Chores,734
768225392,Chores,735
440095447,Chores,736
882651719,Chores,737
829003854,Chores,738
231885469,Chores,739
657101496,Chores,740
419977034,Chores,741
502953170,Chores,742
588384872,Chores,743
459367125,Chores,744
394761269,Chores,745
211127786,Chores,746
949773409,Chores,747
350652952,Chores,748
009181190,Chores,749
009423753,Chores,750
652445512,Chores,751
558329919,Chores,752
276448742,Chores,753
281912123,Chores,754
062395479,Chores,755
689099858,Chores,756
090505242,Chores,757
401973792,Chores,758
766019688,Chores,759
405866222,Chores,760
900261801,Chores,761
337248976,Chores,762
358040553,Chores,763
648208506,Chores,764
453497051,Chores,765
317534242,Chores,766
396493553,Chores,767
640443176,Chores,768
229971094,Chores,769
621225533,Chores,770
306045192,Chores,771
679410047,Chores,772
941232793,Chores,773
572508408,Chores,774
376475185,Chores,775
996961281,Chores,776
572119406,Chores,777
986275815,Chores,778
510313897,Chores,779
516169863,Chores,780
844993240,Chores,781
643943449,Chores,782
673008391,Chores,783
438516472,Chores,784
062395479,Chores,785
345844602,Chores,786
471568025,Chores,787
721055717,Chores,788
466486654,Chores,789
271635459,Chores,790
564223498,Chores,791
648449677,Chores,792
828537513,Chores,793
017114116,Chores,794
695780763,Chores,795
078900325,Chores,796
215628366,Chores,797
947650993,Chores,798
984407939,Chores,799
803115617,Chores,800
017114116,Chores,801
073372950,Chores,802
477660204,Chores,803
564223498,Chores,804
667404838,Chores,805
761193248,Chores,806
392310933,Chores,807
677075183,Chores,808
560243495,Chores,809
066775658,Chores,810
738423186,Chores,811
518443215,Chores,812
134892183,Chores,813
156016295,Chores,814
039523069,Chores,815
992089248,Chores,816
546610241,Chores,817
677776137,Chores,818
951329068,Chores,819
560321102,Chores,820
428326906,Chores,821
376213835,Chores,822
180017380,Chores,823
394761269,Chores,824
117402902,Chores,825
818639491,Chores,826
560321102,Chores,827
122823229,Chores,828
693039136,Chores,829
311406006,Chores,830
495158079,Chores,831
073372950,Chores,832
584132402,Chores,833
975003349,Chores,834
388351501,Chores,835
394761269,Chores,836
239607516,Chores,837
477660204,Chores,838
418110517,Chores,839
284856317,Chores,840
608465178,Chores,841
483022715,Chores,842
629699704,Chores,843
789147633,Chores,844
355129085,Chores,845
090505242,Chores,846
114646190,Chores,847
428811114,Chores,848
880071413,Chores,849
328670390,Chores,850
116789418,Chores,851
260454043,Chores,852
844993240,Chores,853
666106654,Chores,854
678936616,Chores,855
559630985,Chores,856
269102571,Chores,857
358116332,Chores,858
804790549,Chores,859
739046914,Chores,860
573645414,Chores,861
440494554,Chores,862
481511257,Chores,863
144256871,Chores,864
876892546,Chores,865
677474238,Chores,866
025497965,Chores,867
057915835,Chores,868
856413207,Chores,869
898191608,Chores,870
066775658,Chores,871
008194197,Chores,872
992272162,Chores,873
116114439,Chores,874
058188662,Chores,875
485344529,Chores,876
959533775,Chores,877
869476022,Chores,878
866267493,Chores,879
473682313,Chores,880
922733899,Chores,881
442240499,Chores,882
420927123,Chores,883
180429765,Chores,884
731064331,Chores,885
252545859,Chores,886
025497965,Chores,887
380540777,Chores,888
672498336,Chores,889
543709257,Chores,890
669491606,Chores,891
164387830,Chores,892
791085507,Chores,893
430351417,Chores,894
116114439,Chores,895
233021379,Chores,896
265020582,Chores,897
557849312,Chores,898
263875987,Chores,899
011947902,Chores,900
026950396,Chores,901
510454169,Chores,902
293614497,Chores,903
660323467,Chores,904
434413646,Chores,905
808252449,Chores,906
013538751,Chores,907
255573095,Chores,908
906715266,Chores,909
334252865,Chores,910
900261801,Chores,911
982922623,Chores,912
535879197,Chores,913
559358149,Chores,914
122823229,Chores,915
006308332,Chores,916
677474238,Chores,917
255896305,Chores,918
702624878,Chores,919
928134764,Chores,920
798645079,Chores,921
652847645,Chores,922
327225997,Chores,923
020686959,Chores,924
604985292,Chores,925
385816548,Chores,926
415386573,Chores,927
008194197,Chores,928
856685608,Chores,929
348390911,Chores,930
401973792,Chores,931
182620984,Chores,932
341301511,Chores,933
608465178,Chores,934
383978366,Chores,935
113022885,Chores,936
215628366,Chores,937
831273885,Chores,938
453560919,Chores,939
550140752,Chores,940
784832769,Chores,941
239607516,Chores,942
206733738,Chores,943
815818301,Chores,944
781457704,Chores,945
719379389,Chores,946
383567236,Chores,947
066263609,Chores,948
201737043,Chores,949
838230603,Chores,950
075717905,Chores,951
401263684,Chores,952
127128517,Chores,953
608266886,Chores,954
414963672,Chores,955
895147661,Chores,956
045126555,Chores,957
348390911,Chores,958
586023274,Chores,959
385816548,Chores,960
032943552,Chores,961
786639294,Chores,962
645705210,Chores,963
215922586,Chores,964
932759915,Chores,965
673008391,Chores,966
062395479,Chores,967
984638008,Chores,968
645061095,Chores,969
773195647,Chores,970
151173459,Chores,971
539281983,Chores,972
770794953,Chores,973
864899489,Chores,974
999809245,Chores,975
421942009,Chores,976
443108577,Chores,977
842038097,Chores,978
532051752,Chores,979
102328800,Chores,980
495158079,Chores,981
505792466,Chores,982
474505687,Chores,983
585566509,Chores,984
750669412,Chores,985
941232793,Chores,986
011947902,Chores,987
302611058,Chores,988
961836756,Chores,989
280843691,Chores,990
734445293,Chores,991
135834109,Chores,992
018760464,Chores,993
679410047,Chores,994
721055717,Chores,995
490638973,Chores,996
394715868,Chores,997
477660204,Chores,998
655802590,Chores,999
572540918,Chores,1000
233021379,Appointments,1
863966014,Appointments,2
388351501,Appointments,3
921263865,Appointments,4
940975054,Appointments,5
293970060,Appointments,6
920915024,Appointments,7
563111540,Appointments,8
377340982,Appointments,9
706567925,Appointments,10
291876771,Appointments,11
075717905,Appointments,12
673008391,Appointments,13
760924784,Appointments,14
681378872,Appointments,15
052957237,Appointments,16
018760464,Appointments,17
164598040,Appointments,18
894594679,Appointments,19
034998466,Appointments,20
291876771,Appointments,21
654074593,Appointments,22
799114607,Appointments,23
497245534,Appointments,24
061713539,Appointments,25
294866175,Appointments,26
092445625,Appointments,27
871301848,Appointments,28
440494554,Appointments,29
341301511,Appointments,30
891476972,Appointments,31
659177074,Appointments,32
385816548,Appointments,33
055867917,Appointments,34
733017154,Appointments,35
350652952,Appointments,36
231885469,Appointments,37
862341815,Appointments,38
798486511,Appointments,39
862761099,Appointments,40
539415861,Appointments,41
894017438,Appointments,42
076356897,Appointments,43
436759840,Appointments,44
621775433,Appointments,45
337248976,Appointments,46
047616626,Appointments,47
608266886,Appointments,48
021530909,Appointments,49
422345289,Appointments,50
801892732,Appointments,51
892435077,Appointments,52
423203338,Appointments,53
074040626,Appointments,54
006308332,Appointments,55
765888198,Appointments,56
052957237,Appointments,57
146544828,Appointments,58
871964309,Appointments,59
555198868,Appointments,60
364111822,Appointments,61
736476867,Appointments,62
721055717,Appointments,63
439415245,Appointments,64
394761269,Appointments,65
510454169,Appointments,66
583795824,Appointments,67
656679288,Appointments,68
062351869,Appointments,69
734445293,Appointments,70
422771209,Appointments,71
443808602,Appointments,72
134892183,Appointments,73
456815142,Appointments,74
802174985,Appointments,75
608266886,Appointments,76
434167499,Appointments,77
679410047,Appointments,78
863966014,Appointments,79
443945705,Appointments,80
099893469,Appointments,81
264810214,Appointments,82
540596484,Appointments,83
942485691,Appointments,84
110597906,Appointments,85
933079674,Appointments,86
348390911,Appointments,87
925676383,Appointments,88
049810378,Appointments,89
326418860,Appointments,90
584132402,Appointments,91
305771879,Appointments,92
261837029,Appointments,93
264792793,Appointments,94
418471257,Appointments,95
251359195,Appointments,96
982922623,Appointments,97
949786219,Appointments,98
605064573,Appointments,99
375645667,Appointments,100
753073939,Appointments,101
597790271,Appointments,102
335612899,Appointments,103
898191608,Appointments,104
605064573,Appointments,105
654074593,Appointments,106
255605535,Appointments,107
487691880,Appointments,108
182620984,Appointments,109
863003871,Appointments,110
039523069,Appointments,111
373031318,Appointments,112
656002783,Appointments,113
815846429,Appointments,114
325622412,Appointments,115
625430991,Appointments,116
293614497,Appointments,117
923032923,Appointments,118
770265700,Appointments,119
551593733,Appointments,120
742256481,Appointments,121
438516472,Appointments,122
934444007,Appointments,123
102328800,Appointments,124
642466894,Appointments,125
640991861,Appointments,126
505318184,Appointments,127
871052623,Appointments,128
597790271,Appointments,129
966042854,Appointments,130
243699951,Appointments,131
678936616,Appointments,132
818821746,Appointments,133
012981051,Appointments,134
205848263,Appointments,135
600385201,Appointments,136
612055548,Appointments,137
219247738,Appointments,138
375645667,Appointments,139
611721739,Appointments,140
770794953,Appointments,141
301155166,Appointments,142
377340982,Appointments,143
810828693,Appointments,144
655802590,Appointments,145
572553098,Appointments,146
266509197,Appointments,147
971739178,Appointments,148
952425516,Appointments,149
480047487,Appointments,150
648449677,Appointments,151
312572929,Appointments,152
681856736,Appointments,153
012981051,Appointments,154
326031543,Appointments,155
260511870,Appointments,156
626225718,Appointments,157
562735726,Appointments,158
681735219,Appointments,159
281904207,Appointments,160
011947902,Appointments,161
364111822,Appointments,162
262788041,Appointments,163
320664765,Appointments,164
496718901,Appointments,165
984638008,Appointments,166
176498699,Appointments,167
243524998,Appointments,168
383861881,Appointments,169
687500122,Appointments,170
728202745,Appointments,171
770057641,Appointments,172
734445293,Appointments,173
585566509,Appointments,174
871052623,Appointments,175
951329068,Appointments,176
559630985,Appointments,177
229081334,Appointments,178
176498699,Appointments,179
733017154,Appointments,180
273478449,Appointments,181
246129760,Appointments,182
767592302,Appointments,183
960766683,Appointments,184
133047101,Appointments,185
058454827,Appointments,186
253513340,Appointments,187
505318184,Appointments,188
897000613,Appointments,189
440095447,Appointments,190
635310198,Appointments,191
032943552,Appointments,192
695780763,Appointments,193
968728845,Appointments,194
163045572,Appointments,195
842414799,Appointments,196
263875987,Appointments,197
867244889,Appointments,198
397499061,Appointments,199
074040626,Appointments,200
339805031,Appointments,201
209853116,Appointments,202
299481825,Appointments,203
754100540,Appointments,204
333543019,Appointments,205
420927123,Appointments,206
770513428,Appointments,207
983895757,Appointments,208
535879197,Appointments,209
474505687,Appointments,210
898191608,Appointments,211
143327192,Appointments,212
317005946,Appointments,213
422345289,Appointments,214
381128097,Appointments,215
788547703,Appointments,216
143327192,Appointments,217
049426216,Appointments,218
568462686,Appointments,219
446816871,Appointments,220
456815142,Appointments,221
983148773,Appointments,222
052957237,Appointments,223
042362945,Appointments,224
845902065,Appointments,225
392310933,Appointments,226
721918870,Appointments,227
816846683,Appointments,228
385405751,Appointments,229
082000655,Appointments,230
595215287,Appointments,231
842414799,Appointments,232
415386573,Appointments,233
868226320,Appointments,234
049426216,Appointments,235
161604557,Appointments,236
480047487,Appointments,237
295250257,Appointments,238
142257709,Appointments,239
116789418,Appointments,240
968162389,Appointments,241
386674212,Appointments,242
362433871,Appointments,243
657101496,Appointments,244
629699704,Appointments,245
278129156,Appointments,246
182620984,Appointments,247
002675952,Appointments,248
666106654,Appointments,249
985364823,Appointments,250
837235000,Appointments,251
187206917,Appointments,252
164387830,Appointments,253
199430601,Appointments,254
444543787,Appointments,255
635310198,Appointments,256
667716327,Appointments,257
528291503,Appointments,258
650304743,Appointments,259
459367125,Appointments,260
009805535,Appointments,261
985913207,Appointments,262
114646190,Appointments,263
442240499,Appointments,264
092376513,Appointments,265
137659282,Appointments,266
867141023,Appointments,267
289828810,Appointments,268
496718901,Appointments,269
472647051,Appointments,270
546610241,Appointments,271
500655545,Appointments,272
281570894,Appointments,273
798645079,Appointments,274
770532085,Appointments,275
040910850,Appointments,276
897714319,Appointments,277
677075183,Appointments,278
087406880,Appointments,279
201737043,Appointments,280
650789863,Appointments,281
608266886,Appointments,282
760924784,Appointments,283
966042854,Appointments,284
957538494,Appointments,285
655802590,Appointments,286
270066677,Appointments,287
326031543,Appointments,288
489675695,Appointments,289
601108303,Appointments,290
407427465,Appointments,291
496956186,Appointments,292
142257709,Appointments,293
434413646,Appointments,294
547623982,Appointments,295
638601093,Appointments,296
333832610,Appointments,297
033012701,Appointments,298
033161739,Appointments,299
600699048,Appointments,300
259780194,Appointments,301
862910564,Appointments,302
263518166,Appointments,303
551215316,Appointments,304
116789418,Appointments,305
435786324,Appointments,306
654664525,Appointments,307
863003871,Appointments,308
385405751,Appointments,309
940754796,Appointments,310
136677787,Appointments,311
514701988,Appointments,312
394715868,Appointments,313
490638973,Appointments,314
266509197,Appointments,315
341301511,Appointments,316
062351869,Appointments,317
543709257,Appointments,318
639004581,Appointments,319
376213835,Appointments,320
381833875,Appointments,321
786639294,Appointments,322
386674212,Appointments,323
584103598,Appointments,324
562735726,Appointments,325
850745206,Appointments,326
335612899,Appointments,327
247883123,Appointments,328
303017057,Appointments,329
734445293,Appointments,330
005384491,Appointments,331
487990985,Appointments,332
255605535,Appointments,333
605064573,Appointments,334
242556378,Appointments,335
781218030,Appointments,336
588180501,Appointments,337
677776137,Appointments,338
219104989,Appointments,339
702645412,Appointments,340
431601280,Appointments,341
033161739,Appointments,342
739582297,Appointments,343
033161739,Appointments,344
204873899,Appointments,345
277894686,Appointments,346
383567236,Appointments,347
253261382,Appointments,348
906174156,Appointments,349
673008391,Appointments,350
092445625,Appointments,351
095527021,Appointments,352
456380764,Appointments,353
935485554,Appointments,354
785728749,Appointments,355
047891708,Appointments,356
801892732,Appointments,357
704023361,Appointments,358
786639294,Appointments,359
890469554,Appointments,360
502953170,Appointments,361
795764600,Appointments,362
835983747,Appointments,363
121806052,Appointments,364
016505530,Appointments,365
949570089,Appointments,366
635743075,Appointments,367
456380764,Appointments,368
146544828,Appointments,369
514718098,Appointments,370
839240340,Appointments,371
392733362,Appointments,372
422771209,Appointments,373
659736044,Appointments,374
706617815,Appointments,375
134892183,Appointments,376
884065511,Appointments,377
061713539,Appointments,378
856413207,Appointments,379
271635459,Appointments,380
129382077,Appointments,381
445304012,Appointments,382
629699704,Appointments,383
586160170,Appointments,384
957538494,Appointments,385
350652952,Appointments,386
621775433,Appointments,387
742256481,Appointments,388
864899489,Appointments,389
562735726,Appointments,390
854922505,Appointments,391
640991861,Appointments,392
572508408,Appointments,393
949786219,Appointments,394
001496588,Appointments,395
652445512,Appointments,396
734445293,Appointments,397
333543019,Appointments,398
514701988,Appointments,399
265020582,Appointments,400
418110517,Appointments,401
514448179,Appointments,402
706617815,Appointments,403
569922001,Appointments,404
100229800,Appointments,405
438985746,Appointments,406
811432956,Appointments,407
444712296,Appointments,408
431601280,Appointments,409
034873982,Appointments,410
588180501,Appointments,411
031734064,Appointments,412
338076575,Appointments,413
795764600,Appointments,414
673008391,Appointments,415
808252449,Appointments,416
564223498,Appointments,417
968595682,Appointments,418
135985058,Appointments,419
107896757,Appointments,420
231122457,Appointments,421
572508408,Appointments,422
438516472,Appointments,423
396197742,Appointments,424
317005946,Appointments,425
247883123,Appointments,426
341658906,Appointments,427
580624494,Appointments,428
280017077,Appointments,429
247883123,Appointments,430
425516336,Appointments,431
804790549,Appointments,432
092445625,Appointments,433
418732687,Appointments,434
710906231,Appointments,435
280017077,Appointments,436
721055717,Appointments,437
799114607,Appointments,438
867244889,Appointments,439
770532085,Appointments,440
605944574,Appointments,441
565083593,Appointments,442
005384491,Appointments,443
166638529,Appointments,444
253261382,Appointments,445
239607516,Appointments,446
161604557,Appointments,447
102328800,Appointments,448
932759915,Appointments,449
415386573,Appointments,450
045126555,Appointments,451
009181190,Appointments,452
733017154,Appointments,453
265071918,Appointments,454
900261801,Appointments,455
182620984,Appointments,456
102328800,Appointments,457
092376513,Appointments,458
809664205,Appointments,459
808252449,Appointments,460
955247026,Appointments,461
702815523,Appointments,462
762340889,Appointments,463
733017154,Appointments,464
503333193,Appointments,465
547623982,Appointments,466
201737043,Appointments,467
339805031,Appointments,468
802232059,Appointments,469
144256871,Appointments,470
425516336,Appointments,471
000425698,Appointments,472
628893174,Appointments,473
127128517,Appointments,474
850224962,Appointments,475
082532921,Appointments,476
982922623,Appointments,477
816846683,Appointments,478
408212324,Appointments,479
135985058,Appointments,480
772620684,Appointments,481
381833875,Appointments,482
278702509,Appointments,483
468254910,Appointments,484
785728749,Appointments,485
453560919,Appointments,486
361017902,Appointments,487
824722032,Appointments,488
496718901,Appointments,489
361490605,Appointments,490
199430601,Appointments,491
875584030,Appointments,492
733017154,Appointments,493
949570089,Appointments,494
219247738,Appointments,495
464406990,Appointments,496
497245534,Appointments,497
681378872,Appointments,498
906075728,Appointments,499
920915024,Appointments,500
563111540,Appointments,501
655802590,Appointments,502
864899489,Appointments,503
866267493,Appointments,504
260511870,Appointments,505
261554990,Appointments,506
231122457,Appointments,507
206733738,Appointments,508
422771209,Appointments,509
991392499,Appointments,510
750669412,Appointments,511
960212254,Appointments,512
464406990,Appointments,513
824722032,Appointments,514
981198949,Appointments,515
173427430,Appointments,516
302611058,Appointments,517
483022715,Appointments,518
815818301,Appointments,519
135985058,Appointments,520
991392499,Appointments,521
583314118,Appointments,522
585935374,Appointments,523
317173284,Appointments,524
019254328,Appointments,525
681097277,Appointments,526
585566509,Appointments,527
678936616,Appointments,528
516169863,Appointments,529
493121602,Appointments,530
825094235,Appointments,531
221753840,Appointments,532
866267493,Appointments,533
289828810,Appointments,534
535879197,Appointments,535
841922502,Appointments,536
438516472,Appointments,537
201737043,Appointments,538
054281829,Appointments,539
661663175,Appointments,540
815818301,Appointments,541
984407939,Appointments,542
721055717,Appointments,543
667111183,Appointments,544
565083593,Appointments,545
147601732,Appointments,546
563111540,Appointments,547
643943449,Appointments,548
031734064,Appointments,549
299481825,Appointments,550
298049209,Appointments,551
261837029,Appointments,552
231885469,Appointments,553
564223498,Appointments,554
739582297,Appointments,555
032943552,Appointments,556
762340889,Appointments,557
601725450,Appointments,558
201720951,Appointments,559
616349689,Appointments,560
867123686,Appointments,561
944185913,Appointments,562
255198104,Appointments,563
500221046,Appointments,564
927362083,Appointments,565
561933550,Appointments,566
328877670,Appointments,567
298049209,Appointments,568
302611058,Appointments,569
000425698,Appointments,570
978793897,Appointments,571
920915024,Appointments,572
446816871,Appointments,573
243143438,Appointments,574
472647051,Appointments,575
973966161,Appointments,576
849506226,Appointments,577
642158767,Appointments,578
608465178,Appointments,579
916665231,Appointments,580
782988313,Appointments,581
386674212,Appointments,582
020686959,Appointments,583
828606034,Appointments,584
738608252,Appointments,585
170125504,Appointments,586
260511870,Appointments,587
828537513,Appointments,588
642158767,Appointments,589
074040626,Appointments,590
518613643,Appointments,591
961836756,Appointments,592
361490605,Appointments,593
626225718,Appointments,594
471046851,Appointments,595
894037381,Appointments,596
916665231,Appointments,597
178210899,Appointments,598
033012701,Appointments,599
867651239,Appointments,600
443945705,Appointments,601
215628366,Appointments,602
037752878,Appointments,603
251359195,Appointments,604
107896757,Appointments,605
219104989,Appointments,606
689099858,Appointments,607
906715266,Appointments,608
146544828,Appointments,609
657210162,Appointments,610
791085507,Appointments,611
226601535,Appointments,612
261554990,Appointments,613
337618098,Appointments,614
043084101,Appointments,615
151368594,Appointments,616
831799272,Appointments,617
752158129,Appointments,618
724568381,Appointments,619
560321102,Appointments,620
443808602,Appointments,621
704023361,Appointments,622
584103598,Appointments,623
264792793,Appointments,624
906075728,Appointments,625
702624878,Appointments,626
419977034,Appointments,627
171588976,Appointments,628
872622494,Appointments,629
950106383,Appointments,630
422345289,Appointments,631
469723554,Appointments,632
249635664,Appointments,633
493121602,Appointments,634
463884564,Appointments,635
588384872,Appointments,636
986275815,Appointments,637
524235995,Appointments,638
972350803,Appointments,639
153607146,Appointments,640
199430601,Appointments,641
862341815,Appointments,642
317005946,Appointments,643
710906231,Appointments,644
000425698,Appointments,645
394761269,Appointments,646
742256481,Appointments,647
159169179,Appointments,648
586160170,Appointments,649
781218030,Appointments,650
375645667,Appointments,651
563111540,Appointments,652
877526289,Appointments,653
673008391,Appointments,654
543709257,Appointments,655
544359761,Appointments,656
458016762,Appointments,657
055867917,Appointments,658
402968085,Appointments,659
434167499,Appointments,660
912930258,Appointments,661
882651719,Appointments,662
164598040,Appointments,663
856413207,Appointments,664
702645412,Appointments,665
756621592,Appointments,666
655802590,Appointments,667
439074790,Appointments,668
417446645,Appointments,669
445092317,Appointments,670
161197110,Appointments,671
428326906,Appointments,672
489422528,Appointments,673
940313678,Appointments,674
863983022,Appointments,675
269102571,Appointments,676
968162389,Appointments,677
980783596,Appointments,678
856685608,Appointments,679
585566509,Appointments,680
669491606,Appointments,681
393791727,Appointments,682
921285947,Appointments,683
990927574,Appointments,684
061409220,Appointments,685
221242652,Appointments,686
169657594,Appointments,687
895147661,Appointments,688
678936616,Appointments,689
477660204,Appointments,690
940754796,Appointments,691
255896305,Appointments,692
265020582,Appointments,693
383880472,Appointments,694
281912123,Appointments,695
061180845,Appointments,696
927362083,Appointments,697
545825500,Appointments,698
473739707,Appointments,699
565772044,Appointments,700
271635459,Appointments,701
247956263,Appointments,702
000425698,Appointments,703
616349689,Appointments,704
376213835,Appointments,705
934024513,Appointments,706
982922623,Appointments,707
121806052,Appointments,708
916665231,Appointments,709
373364168,Appointments,710
518613643,Appointments,711
418471257,Appointments,712
497245534,Appointments,713
373389465,Appointments,714
600244101,Appointments,715
279292347,Appointments,716
099893469,Appointments,717
681097277,Appointments,718
882651719,Appointments,719
762427956,Appointments,720
100229800,Appointments,721
264792793,Appointments,722
419977034,Appointments,723
255605535,Appointments,724
102328800,Appointments,725
621775433,Appointments,726
935485554,Appointments,727
992089248,Appointments,728
752158129,Appointments,729
514448179,Appointments,730
616349689,Appointments,731
392733362,Appointments,732
391593954,Appointments,733
875584030,Appointments,734
277894686,Appointments,735
341658906,Appointments,736
401712205,Appointments,737
244003013,Appointments,738
330781628,Appointments,739
650789863,Appointments,740
315826201,Appointments,741
882651719,Appointments,742
508823430,Appointments,743
328877670,Appointments,744
025497965,Appointments,745
956368438,Appointments,746
201720951,Appointments,747
281741752,Appointments,748
906382543,Appointments,749
468665062,Appointments,750
833659428,Appointments,751
762427956,Appointments,752
894037381,Appointments,753
243699951,Appointments,754
862910564,Appointments,755
358907060,Appointments,756
827804966,Appointments,757
485344529,Appointments,758
473739707,Appointments,759
081399454,Appointments,760
170877435,Appointments,761
146544828,Appointments,762
199430601,Appointments,763
898191608,Appointments,764
231885469,Appointments,765
940975054,Appointments,766
872622494,Appointments,767
629699704,Appointments,768
787813054,Appointments,769
505110252,Appointments,770
950106383,Appointments,771
835983747,Appointments,772
496956186,Appointments,773
867141023,Appointments,774
012981051,Appointments,775
008194197,Appointments,776
862341815,Appointments,777
173427430,Appointments,778
841922502,Appointments,779
260511870,Appointments,780
825094235,Appointments,781
780520191,Appointments,782
681097277,Appointments,783
626392700,Appointments,784
996961281,Appointments,785
241213430,Appointments,786
516169863,Appointments,787
473322396,Appointments,788
403255844,Appointments,789
016505530,Appointments,790
373364168,Appointments,791
262788041,Appointments,792
961836756,Appointments,793
752158129,Appointments,794
994032568,Appointments,795
221799355,Appointments,796
401712205,Appointments,797
702815523,Appointments,798
966042854,Appointments,799
981198949,Appointments,800
815846429,Appointments,801
882651719,Appointments,802
897708851,Appointments,803
913383534,Appointments,804
066263609,Appointments,805
960766683,Appointments,806
166182181,Appointments,807
255605535,Appointments,808
405866222,Appointments,809
403255844,Appointments,810
127128517,Appointments,811
648208506,Appointments,812
472682920,Appointments,813
972350803,Appointments,814
119885572,Appointments,815
293614497,Appointments,816
584132402,Appointments,817
414963672,Appointments,818
443808602,Appointments,819
281741752,Appointments,820
185891412,Appointments,821
439074790,Appointments,822
558329919,Appointments,823
871964309,Appointments,824
862910564,Appointments,825
719379389,Appointments,826
278702509,Appointments,827
850302164,Appointments,828
521438175,Appointments,829
438985746,Appointments,830
514448179,Appointments,831
418732687,Appointments,832
856685608,Appointments,833
047616626,Appointments,834
326418860,Appointments,835
115962946,Appointments,836
196756353,Appointments,837
897000613,Appointments,838
772620684,Appointments,839
505318184,Appointments,840
289828810,Appointments,841
473682313,Appointments,842
423203338,Appointments,843
660323467,Appointments,844
626125772,Appointments,845
660323467,Appointments,846
294866175,Appointments,847
957285362,Appointments,848
487990985,Appointments,849
869253164,Appointments,850
162631453,Appointments,851
075717905,Appointments,852
551215316,Appointments,853
828537513,Appointments,854
785728749,Appointments,855
064380420,Appointments,856
804629917,Appointments,857
260454043,Appointments,858
231268851,Appointments,859
848402531,Appointments,860
642158767,Appointments,861
824722032,Appointments,862
654074593,Appointments,863
024874402,Appointments,864
058454827,Appointments,865
137659282,Appointments,866
136677787,Appointments,867
103747374,Appointments,868
894017438,Appointments,869
358116332,Appointments,870
845643291,Appointments,871
463884564,Appointments,872
894594679,Appointments,873
087406880,Appointments,874
758372460,Appointments,875
864899489,Appointments,876
314110804,Appointments,877
652416559,Appointments,878
601725450,Appointments,879
626225718,Appointments,880
940754796,Appointments,881
601725450,Appointments,882
473739707,Appointments,883
626125772,Appointments,884
101761140,Appointments,885
721508025,Appointments,886
281570894,Appointments,887
798486511,Appointments,888
231268851,Appointments,889
565772044,Appointments,890
983895757,Appointments,891
505110252,Appointments,892
341301511,Appointments,893
876892546,Appointments,894
114646190,Appointments,895
490493532,Appointments,896
828537513,Appointments,897
547623982,Appointments,898
287756751,Appointments,899
968162389,Appointments,900
626392700,Appointments,901
675122839,Appointments,902
485174915,Appointments,903
440077642,Appointments,904
572119406,Appointments,905
333543019,Appointments,906
013637605,Appointments,907
797515777,Appointments,908
932145216,Appointments,909
054281829,Appointments,910
727186286,Appointments,911
511527999,Appointments,912
460295588,Appointments,913
597779205,Appointments,914
510313897,Appointments,915
804790549,Appointments,916
616020145,Appointments,917
719286014,Appointments,918
082000655,Appointments,919
338076575,Appointments,920
446132969,Appointments,921
490493532,Appointments,922
169657594,Appointments,923
375645667,Appointments,924
427671993,Appointments,925
260454043,Appointments,926
423203338,Appointments,927
196756353,Appointments,928
130526707,Appointments,929
538068416,Appointments,930
825553521,Appointments,931
278129156,Appointments,932
611721739,Appointments,933
850302164,Appointments,934
561933550,Appointments,935
013538751,Appointments,936
014005065,Appointments,937
657101496,Appointments,938
500655545,Appointments,939
151368594,Appointments,940
273478449,Appointments,941
672719556,Appointments,942
381833875,Appointments,943
453497051,Appointments,944
657210162,Appointments,945
173275665,Appointments,946
100229800,Appointments,947
913383534,Appointments,948
402968085,Appointments,949
626392700,Appointments,950
928134764,Appointments,951
944185913,Appointments,952
824722032,Appointments,953
008194197,Appointments,954
326031543,Appointments,955
867651239,Appointments,956
961836756,Appointments,957
677776137,Appointments,958
794508129,Appointments,959
933079674,Appointments,960
013637605,Appointments,961
182620984,Appointments,962
043084101,Appointments,963
159169179,Appointments,964
740872313,Appointments,965
854922505,Appointments,966
616349689,Appointments,967
383861881,Appointments,968
583314118,Appointments,969
261837029,Appointments,970
325622412,Appointments,971
534258745,Appointments,972
885126211,Appointments,973
720449741,Appointments,974
524235995,Appointments,975
890969724,Appointments,976
551215316,Appointments,977
490493532,Appointments,978
609366509,Appointments,979
326031543,Appointments,980
550283599,Appointments,981
611371999,Appointments,982
431601280,Appointments,983
597060428,Appointments,984
616314141,Appointments,985
609366509,Appointments,986
894017438,Appointments,987
180017380,Appointments,988
991561756,Appointments,989
739046914,Appointments,990
940754796,Appointments,991
535879197,Appointments,992
800308426,Appointments,993
199430601,Appointments,994
913383534,Appointments,995
502953170,Appointments,996
558329919,Appointments,997
984638008,Appointments,998
464406990,Appointments,999
421942009,Appointments,1000
